,Player,Tackles,Inter,Fouls,Offsides,Clear,Drb,Blocks,OwnG,Goals,Assists,SpG,KeyP,Drb,Fouled,Off,Disp,UnsTch,Assists,KeyP,AvgP,PS%,Crosses,LongB,ThrB
0,Harry Kane,0.6,0.3,0.7,0.0,1.1,0.5,0.3,0.0,23.0,14.0,3.9,1.4,1.5,1.7,0.4,1.5,1.8,14.0,1.4,25.9,69.9,0.2,1.9,0.1
1,Kevin De Bruyne,1.4,0.4,1.1,0.0,0.3,1.4,0.0,0.0,6.0,12.0,3.2,3.2,1.9,1.2,0.0,1.3,1.8,12.0,3.2,50.6,81.7,1.6,2.6,0.2
2,Jack Grealish,1.2,0.5,1.5,0.0,0.2,0.3,0.1,0.0,6.0,10.0,1.9,3.1,2.5,4.2,0.3,1.5,2.1,10.0,3.1,38.3,83.3,0.7,1.2,0.1
3,Bruno Fernandes,1.5,0.7,1.2,0.0,0.7,2.0,0.0,0.0,18.0,12.0,3.3,2.6,0.6,1.4,0.1,1.0,1.5,12.0,2.6,57.1,78.3,1.1,3.8,0.2
4,Tomas Soucek,2.1,1.6,1.8,0.1,2.7,1.3,0.5,1.0,10.0,1.0,1.7,0.5,0.4,1.1,0.1,0.6,1.1,1.0,0.5,42.3,75.5,0.0,2.2,0.0
5,Mason Mount,2.1,0.9,1.4,0.0,0.3,1.2,0.1,0.0,6.0,5.0,2.3,2.4,1.2,1.2,0.1,1.1,1.6,5.0,2.4,47.3,86.5,1.7,1.6,0.0
6,Sadio Mané,1.4,0.4,1.5,0.0,0.3,0.6,0.0,0.0,11.0,7.0,2.7,1.7,2.3,2.2,0.9,1.7,2.9,7.0,1.7,28.8,78.7,0.3,0.8,0.0
7,Riyad Mahrez,0.7,0.3,0.5,0.0,0.1,0.9,0.0,0.0,9.0,6.0,2.1,1.6,1.7,1.1,0.3,1.1,1.7,6.0,1.6,37.2,88.4,0.7,0.9,0.0
8,João Cancelo,2.4,1.5,1.3,0.3,1.0,1.4,0.1,0.0,2.0,3.0,1.3,1.6,1.7,0.6,0.1,0.8,1.3,3.0,1.6,66.2,87.1,0.4,2.4,0.1
9,Gareth Bale,0.9,0.4,0.5,0.1,0.7,0.4,0.1,0.0,11.0,2.0,1.9,1.1,1.4,0.5,0.3,0.4,0.9,2.0,1.1,18.3,73.2,0.6,1.5,0.1
10,Nathaniel Phillips,1.3,1.2,1.2,0.5,4.8,0.8,0.8,0.0,1.0,1.0,0.9,0.4,0.1,0.5,0.0,0.2,0.5,1.0,0.4,65.7,84.2,0.0,2.6,0.0
11,Ilkay Gündogan,0.9,0.7,0.3,0.0,0.3,1.0,0.1,0.0,13.0,2.0,1.9,1.5,1.0,0.9,0.0,0.5,1.1,2.0,1.5,61.2,91.7,0.3,1.6,0.0
12,Son Heung-Min,0.9,0.4,0.4,0.0,0.1,1.5,0.1,0.0,17.0,10.0,1.8,2.0,1.1,1.5,0.4,1.4,1.6,10.0,2.0,28.6,83.4,1.0,0.8,0.0
13,Wilfred Ndidi,3.7,2.3,2.1,0.1,2.0,1.5,0.4,0.0,1.0,4.0,0.6,0.6,0.6,0.6,0.0,0.5,1.0,4.0,0.6,55.1,86.9,0.0,2.0,0.0
14,Jesse Lingard,0.8,0.3,1.3,0.0,0.0,0.6,0.1,0.0,9.0,4.0,2.6,1.1,1.1,1.5,0.4,1.4,1.8,4.0,1.1,39.6,83.6,0.4,1.0,0.0
15,Raphinha,1.1,1.0,0.4,0.0,0.9,1.5,0.0,0.0,6.0,9.0,2.2,2.1,1.9,1.0,0.5,1.1,2.8,9.0,2.1,29.2,72.3,1.3,1.5,0.0
16,Raheem Sterling,0.7,0.5,1.2,0.0,0.1,0.2,0.0,0.0,10.0,7.0,2.3,1.3,2.1,1.3,0.3,2.7,2.0,7.0,1.3,35.9,86.2,0.0,0.3,0.0
17,James Rodríguez,1.2,0.7,0.7,0.0,0.0,1.5,0.0,0.0,6.0,4.0,1.6,1.7,1.5,1.7,0.3,1.7,1.4,4.0,1.7,44.8,83.3,0.7,4.3,0.2
18,Ollie Watkins,0.8,0.2,1.3,0.0,0.6,0.6,0.1,0.0,14.0,5.0,2.6,1.2,1.1,1.3,0.8,2.3,3.1,5.0,1.2,21.7,71.5,0.1,0.2,0.0
19,Kortney Hause,0.6,1.1,0.7,0.4,7.6,0.4,0.3,0.0,1.0,0.0,0.7,0.0,0.0,0.4,0.0,0.0,0.1,0.0,0.0,33.1,74.6,0.0,2.3,0.0
20,Rodri,2.1,1.1,1.3,0.0,1.6,1.0,0.3,0.0,2.0,2.0,0.9,1.0,0.8,0.9,0.1,0.6,0.7,2.0,1.0,81.9,91.3,0.1,4.6,0.0
21,Michail Antonio,0.3,0.3,1.1,0.0,0.3,0.2,0.1,0.0,10.0,5.0,2.4,1.0,1.7,1.5,0.6,1.9,3.0,5.0,1.0,17.4,68.2,0.1,0.5,0.0
22,Dominic Calvert-Lewin,0.5,0.2,1.1,0.0,1.0,0.2,0.2,0.0,16.0,0.0,2.5,0.5,0.7,1.2,0.5,0.9,3.1,0.0,0.5,20.5,68.7,0.1,0.5,0.0
23,Jimmy Dunne,1.0,2.0,0.7,0.3,5.3,0.3,0.7,0.0,1.0,0.0,2.3,0.7,0.3,1.0,0.0,0.3,0.3,0.0,0.7,51.0,68.6,0.0,3.3,0.0
24,Aaron Wan-Bissaka,2.6,1.8,0.9,0.2,1.8,0.4,0.5,0.0,2.0,4.0,0.2,0.9,1.0,0.4,0.0,0.6,1.0,4.0,0.9,53.1,84.9,0.4,0.8,0.0
25,Phil Foden,0.8,0.4,0.4,0.0,0.4,0.5,0.0,0.0,9.0,5.0,1.6,1.3,1.4,1.2,0.1,0.5,1.7,5.0,1.3,27.2,88.2,0.5,0.3,0.0
26,Joseph Willock,1.9,1.2,0.6,0.0,0.7,2.4,0.2,0.0,8.0,0.0,1.4,0.6,1.6,1.1,0.0,1.1,1.5,0.0,0.6,16.2,77.1,0.2,0.6,0.0
27,Marcus Rashford,0.5,0.2,0.7,0.1,0.3,0.5,0.1,0.0,11.0,9.0,2.1,1.2,2.2,1.1,0.7,1.4,2.1,9.0,1.2,32.1,82.1,0.2,0.9,0.0
28,Thiago,2.5,1.3,2.0,0.0,0.5,1.3,0.0,0.0,1.0,0.0,0.9,1.3,1.4,1.0,0.0,0.8,1.0,0.0,1.3,71.7,89.6,0.0,5.0,0.1
29,Allan Saint-Maximin,0.6,0.2,0.4,0.0,0.0,0.2,0.0,0.0,3.0,4.0,1.2,1.2,3.8,1.8,0.2,2.1,2.2,4.0,1.2,16.7,82.5,0.2,0.6,0.0
30,Gabriel Jesus,0.6,0.5,1.0,0.0,0.2,0.6,0.0,0.0,9.0,4.0,1.9,1.1,1.7,1.6,0.6,1.3,2.0,4.0,1.1,25.2,85.0,0.1,0.4,0.0
31,Pedro Neto,0.5,1.0,0.8,0.0,0.2,0.7,0.1,0.0,5.0,6.0,2.0,2.0,2.1,1.4,0.1,1.3,2.5,6.0,2.0,32.9,88.4,1.9,0.5,0.0
32,Adama Traoré,0.8,0.2,1.3,0.0,0.3,0.2,0.0,0.0,2.0,2.0,1.2,1.5,4.1,2.3,0.2,1.8,3.0,2.0,1.5,18.9,76.3,0.6,0.4,0.0
33,Roberto Firmino,0.9,0.3,0.6,0.0,0.3,0.7,0.1,0.0,9.0,7.0,2.3,1.2,1.6,0.4,0.1,1.3,2.2,7.0,1.2,36.1,80.7,0.0,0.6,0.1
34,Jamie Vardy,0.5,0.1,0.8,0.1,0.9,0.4,0.1,0.0,15.0,9.0,2.4,0.8,0.8,0.7,1.1,0.4,1.7,9.0,0.8,12.8,67.5,0.1,0.1,0.0
35,Mat Ryan,0.0,0.0,0.0,0.0,1.0,0.0,0.0,0.0,0.0,0.0,0.0,0.3,0.0,0.0,0.0,0.0,0.0,0.0,0.3,15.7,89.4,0.0,1.7,0.0
36,Youri Tielemans,2.3,1.2,1.0,0.0,0.4,1.7,0.2,0.0,6.0,4.0,1.3,1.3,1.1,1.4,0.0,0.9,1.1,4.0,1.3,65.2,81.7,0.6,3.0,0.2
37,Lucas Digne,2.1,1.0,1.1,0.1,2.4,0.8,0.1,0.0,0.0,7.0,0.4,1.5,0.6,0.7,0.1,0.7,1.1,7.0,1.5,42.2,77.5,1.5,1.3,0.0
38,Christian Benteke,0.5,0.1,1.2,0.0,1.3,0.2,0.2,0.0,10.0,1.0,2.4,0.5,0.5,0.7,0.5,0.9,2.0,1.0,0.5,19.2,58.6,0.0,0.3,0.0
39,Bernardo Silva,1.0,0.7,0.7,0.0,0.2,1.6,0.0,0.0,2.0,6.0,1.1,1.0,1.6,0.7,0.1,0.9,1.3,6.0,1.0,52.8,91.8,0.1,1.9,0.0
40,Kurt Zouma,0.7,1.2,0.7,0.5,3.8,0.2,0.4,0.0,5.0,0.0,1.1,0.2,0.1,0.3,0.0,0.2,0.3,0.0,0.2,74.0,90.9,0.0,3.8,0.0
41,Solly March,2.3,1.0,1.2,0.0,1.0,0.8,0.2,0.0,2.0,1.0,1.0,1.3,2.1,1.2,0.1,1.1,1.0,1.0,1.3,34.1,76.0,0.9,2.0,0.0
42,James Ward-Prowse,2.0,1.1,1.2,0.0,1.4,1.1,0.1,0.0,8.0,7.0,1.1,1.6,0.4,0.7,0.0,0.4,0.9,7.0,1.6,64.1,86.4,1.4,2.1,0.0
43,Mohamed Salah,0.5,0.0,0.6,0.0,0.3,0.2,0.0,0.0,22.0,5.0,3.4,1.5,1.0,0.6,0.4,2.2,3.1,5.0,1.5,34.1,83.7,0.2,0.6,0.1
44,Liam Cooper,2.7,2.4,0.9,0.5,2.7,0.9,1.3,0.0,1.0,0.0,0.6,0.0,0.2,1.1,0.0,0.0,0.3,0.0,0.0,65.9,85.6,0.0,3.8,0.0
45,Kiko Casilla,0.0,0.0,0.0,0.0,1.3,0.0,0.0,0.0,0.0,0.0,0.0,0.0,0.0,0.0,0.0,0.0,0.0,0.0,0.0,26.0,87.2,0.0,3.7,0.0
46,Serge Aurier,2.9,1.0,1.2,0.2,2.2,1.3,0.3,0.0,2.0,3.0,0.8,0.9,0.9,0.8,0.1,0.7,1.5,3.0,0.9,41.7,80.8,0.5,1.1,0.1
47,Paul Pogba,1.4,1.0,1.6,0.0,1.4,0.8,0.1,0.0,3.0,3.0,1.2,1.0,1.7,1.5,0.2,1.9,2.1,3.0,1.0,51.3,83.0,0.1,3.7,0.1
48,Harry Maguire,0.9,1.8,1.2,0.6,3.6,0.3,0.7,0.0,2.0,1.0,1.1,0.2,0.2,0.9,0.0,0.2,0.3,1.0,0.2,65.5,87.3,0.0,4.5,0.0
49,John Stones,1.0,0.8,0.3,0.7,2.5,0.2,0.7,0.0,4.0,0.0,0.7,0.1,0.5,0.4,0.0,0.1,0.2,0.0,0.1,78.5,93.3,0.0,2.8,0.0
50,James Justin,2.7,1.3,0.7,0.2,1.9,0.9,0.4,0.0,2.0,1.0,0.4,0.9,0.8,1.7,0.1,0.6,1.3,1.0,0.9,45.8,80.5,0.3,1.2,0.0
51,Luke Shaw,1.4,0.6,1.3,0.1,1.2,0.5,0.3,1.0,1.0,5.0,0.3,2.3,1.1,0.9,0.1,0.7,0.8,5.0,2.3,50.3,85.0,1.8,0.9,0.0
52,Patrick Bamford,0.6,0.3,0.9,0.0,1.0,0.5,0.1,0.0,17.0,7.0,2.8,0.8,0.5,0.6,0.5,0.6,2.2,7.0,0.8,13.3,77.3,0.0,0.1,0.1
53,Caoimhin Kelleher,0.0,0.0,0.0,0.0,1.0,0.0,0.0,0.0,0.0,0.0,0.0,0.0,0.0,0.0,0.0,0.0,0.0,0.0,0.0,26.0,75.0,0.0,2.0,0.0
54,James Tarkowski,1.8,1.2,0.8,0.6,4.4,0.7,1.2,0.0,1.0,0.0,0.6,0.3,0.3,0.8,0.1,0.1,0.5,0.0,0.3,35.0,70.1,0.1,3.6,0.0
55,Antonio Rüdiger,1.6,0.9,0.8,0.5,2.7,0.2,0.5,1.0,1.0,0.0,0.7,0.2,0.2,0.6,0.1,0.1,0.5,0.0,0.2,80.2,89.4,0.1,4.0,0.0
56,Trent Alexander-Arnold,1.6,1.4,0.6,0.4,1.2,0.6,0.1,0.0,2.0,7.0,1.5,2.1,0.9,0.3,0.1,0.6,0.9,7.0,2.1,66.1,79.4,1.9,4.2,0.1
57,Wesley Fofana,1.8,2.2,1.3,0.5,3.3,0.5,0.6,0.0,0.0,0.0,0.4,0.2,0.5,1.0,0.1,0.4,1.0,0.0,0.2,60.3,86.4,0.0,2.7,0.0
58,Declan Rice,1.8,1.8,0.7,0.0,1.1,0.9,0.3,0.0,2.0,1.0,0.8,0.7,0.9,0.4,0.1,0.6,1.1,1.0,0.7,47.7,88.0,0.3,2.3,0.0
59,Kalvin Phillips,2.6,1.6,1.6,0.1,1.7,1.2,0.5,0.0,1.0,2.0,0.5,1.2,0.7,1.1,0.0,0.6,1.4,2.0,1.2,48.4,84.7,1.0,4.7,0.1
60,James Maddison,1.0,0.3,0.6,0.0,0.1,0.9,0.0,0.0,8.0,5.0,2.4,1.6,0.9,1.8,0.2,1.1,1.8,5.0,1.6,32.9,83.3,0.8,1.1,0.1
61,Ben Chilwell,1.6,0.9,0.9,0.1,1.7,0.7,0.1,0.0,3.0,5.0,1.0,1.1,0.6,1.5,0.3,0.7,1.3,5.0,1.1,54.4,82.0,1.0,1.9,0.0
62,Emiliano Martínez,0.1,0.1,0.0,0.0,0.4,0.0,0.0,0.0,0.0,0.0,0.0,0.1,0.0,0.2,0.0,0.0,0.0,0.0,0.1,29.8,62.5,0.0,7.0,0.0
63,André-Frank Zambo Anguissa,2.2,1.6,1.2,0.0,0.4,1.1,0.2,0.0,0.0,3.0,0.9,0.8,2.7,0.8,0.0,1.4,2.0,3.0,0.8,39.3,84.2,0.1,1.1,0.1
64,Yves Bissouma,2.9,1.8,1.5,0.0,1.8,0.9,0.2,0.0,1.0,0.0,1.2,0.4,1.5,0.9,0.0,0.8,0.9,0.0,0.4,46.8,87.4,0.0,2.1,0.0
65,Richarlison,1.4,0.4,1.0,0.0,1.0,1.0,0.1,0.0,7.0,3.0,2.4,0.7,1.8,2.1,0.7,1.6,2.0,3.0,0.7,22.0,70.0,0.1,0.4,0.1
66,Harvey Barnes,0.8,0.3,0.6,0.0,0.4,0.7,0.1,0.0,9.0,4.0,2.2,1.0,1.6,1.3,0.0,1.2,2.3,4.0,1.0,24.2,75.2,0.1,0.7,0.0
67,Alex Telles,1.6,1.8,0.4,0.1,2.0,1.0,0.2,0.0,0.0,2.0,0.6,1.3,0.3,0.4,0.1,0.6,0.6,2.0,1.3,50.9,84.7,1.3,1.6,0.1
68,Okay Yokuslu,2.4,2.2,1.6,0.0,2.0,1.1,0.2,0.0,0.0,1.0,0.8,0.4,1.2,1.8,0.1,0.6,1.4,1.0,0.4,33.1,82.5,0.0,1.9,0.0
69,Jack Harrison,1.8,0.4,0.8,0.0,0.5,0.9,0.1,0.0,8.0,8.0,1.3,1.6,1.2,0.6,0.3,1.8,2.6,8.0,1.6,27.5,74.0,0.9,0.9,0.0
70,Matheus Pereira,0.8,0.9,1.0,0.0,0.4,1.3,0.0,0.0,11.0,6.0,2.0,1.8,1.2,1.6,0.4,1.4,2.2,6.0,1.8,28.5,79.6,1.1,1.5,0.2
71,Joel Matip,1.4,0.7,1.1,1.2,2.2,0.1,0.0,0.0,1.0,2.0,0.5,0.3,0.0,0.4,0.0,0.1,0.3,2.0,0.3,54.6,87.7,0.0,1.4,0.1
72,Vladimir Coufal,2.1,1.2,0.9,0.3,2.6,1.1,0.2,0.0,0.0,7.0,0.4,1.3,0.4,1.0,0.0,0.5,1.1,7.0,1.3,37.6,71.2,1.0,1.0,0.0
73,Pierre-Emile Højbjerg,2.6,1.3,1.8,0.0,1.7,2.0,0.2,0.0,2.0,4.0,0.4,0.4,0.6,1.4,0.0,0.5,1.0,4.0,0.4,72.8,88.5,0.0,2.8,0.0
74,Luke Ayling,2.8,0.9,0.8,0.4,2.0,1.0,0.9,0.0,0.0,0.0,0.6,0.7,1.1,1.4,0.1,0.6,1.4,0.0,0.7,62.7,79.0,0.4,4.6,0.1
75,Scott Carson,0.0,0.0,0.0,0.0,0.0,0.0,0.0,0.0,0.0,0.0,0.0,0.0,0.0,0.0,0.0,0.0,0.0,0.0,0.0,10.0,90.0,0.0,0.0,0.0
76,Reece James,1.7,0.5,1.0,0.1,1.3,0.7,0.2,0.0,1.0,2.0,1.1,1.3,1.1,0.5,0.0,0.7,0.8,2.0,1.3,53.0,88.4,1.1,2.3,0.0
77,Oriol Romeu,3.3,1.4,1.4,0.0,0.7,2.0,0.3,0.0,1.0,1.0,0.7,0.7,0.7,1.1,0.0,0.9,1.1,1.0,0.7,60.7,82.6,0.1,1.8,0.0
78,Matthew Cash,2.5,2.1,1.3,0.1,2.9,1.2,0.4,0.0,0.0,2.0,0.3,0.8,0.4,0.8,0.1,0.5,0.7,2.0,0.8,36.0,75.7,0.8,2.0,0.0
79,Scott McTominay,1.6,0.9,1.5,0.0,1.3,0.4,0.3,0.0,4.0,1.0,0.8,0.5,0.8,1.3,0.0,0.5,1.3,1.0,0.5,40.6,87.0,0.1,2.1,0.0
80,Ahmed Hegazi,0.0,1.0,0.0,0.0,7.0,0.0,0.0,0.0,0.0,0.0,0.0,0.0,0.0,0.0,0.0,0.0,3.0,0.0,0.0,56.0,67.9,0.0,4.0,0.0
81,Ben Mee,1.1,1.4,0.5,0.7,4.9,0.5,1.5,0.0,2.0,0.0,0.7,0.2,0.1,0.6,0.0,0.1,0.3,0.0,0.2,37.4,71.1,0.0,3.7,0.0
82,Anthony Elanga,2.0,0.5,1.0,0.0,0.5,0.5,0.5,0.0,1.0,0.0,1.0,0.5,1.5,2.0,0.5,1.0,4.0,0.0,0.5,26.5,75.5,0.5,1.0,0.0
83,Fred,2.7,1.5,1.5,0.0,0.7,2.0,0.3,0.0,1.0,0.0,0.8,0.8,0.8,1.0,0.0,1.0,1.0,0.0,0.8,60.2,87.7,0.0,3.3,0.1
84,Timothy Fosu-Mensah,2.0,3.0,1.0,0.0,1.0,0.0,0.0,0.0,0.0,0.0,1.0,2.0,2.0,0.0,1.0,2.0,0.0,0.0,2.0,66.0,90.9,1.0,1.0,0.0
85,César Azpilicueta,2.0,1.1,1.2,0.1,2.3,0.7,0.2,0.0,1.0,2.0,0.4,1.0,0.2,0.5,0.2,0.2,0.7,2.0,1.0,72.6,86.9,0.3,1.5,0.1
86,Ademola Lookman,1.0,0.6,1.4,0.0,0.2,0.9,0.0,0.0,4.0,4.0,2.0,1.8,2.4,1.7,0.4,2.1,3.1,4.0,1.8,30.9,80.9,0.9,0.6,0.1
87,Michael Keane,0.8,1.5,0.4,0.3,4.5,0.5,0.9,0.0,3.0,1.0,0.5,0.2,0.1,0.2,0.0,0.1,0.2,1.0,0.2,55.4,87.2,0.0,3.7,0.0
88,Rúben Dias,0.8,1.1,0.7,0.3,2.8,0.4,0.7,1.0,1.0,0.0,0.4,0.1,0.2,0.6,0.0,0.1,0.3,0.0,0.1,84.8,93.2,0.0,3.4,0.0
89,Thiago Silva,0.9,1.4,0.6,0.6,3.6,0.3,0.6,0.0,2.0,0.0,0.6,0.2,0.1,0.7,0.0,0.1,0.3,0.0,0.2,84.3,93.0,0.0,5.0,0.0
90,Raúl Jiménez,0.3,0.8,0.9,0.0,1.0,0.7,0.0,1.0,4.0,0.0,2.6,0.5,1.0,1.7,0.4,1.8,3.2,0.0,0.5,25.9,79.2,0.1,1.5,0.0
91,Illan Meslier,0.0,0.0,0.0,0.0,1.2,0.0,0.0,1.0,0.0,0.0,0.0,0.0,0.0,0.3,0.0,0.0,0.1,0.0,0.0,30.9,77.1,0.0,4.8,0.0
92,Diego Llorente,2.3,1.3,1.0,0.3,2.5,0.9,0.9,0.0,1.0,0.0,0.5,0.3,0.4,0.6,0.0,0.5,0.7,0.0,0.3,47.9,83.3,0.0,2.7,0.1
93,Matt Targett,2.2,1.4,0.7,0.2,2.3,0.8,0.4,0.0,0.0,2.0,0.2,1.0,0.4,0.6,0.0,0.2,0.6,2.0,1.0,44.3,78.0,0.7,3.1,0.0
94,Marcos Alonso,1.0,0.9,1.0,0.0,2.2,0.5,0.1,0.0,2.0,0.0,1.7,1.2,0.7,0.9,0.2,0.7,1.0,0.0,1.2,39.1,82.5,0.2,1.2,0.0
95,Nélson Semedo,2.5,1.2,1.2,0.2,2.1,0.9,0.3,1.0,1.0,1.0,0.7,0.6,1.8,1.0,0.1,0.8,1.6,1.0,0.6,46.1,81.0,0.5,1.6,0.0
96,Diogo Jota,0.6,0.3,1.3,0.0,0.2,1.4,0.0,0.0,9.0,0.0,2.4,0.6,1.1,1.1,0.1,1.1,2.1,0.0,0.6,22.4,74.9,0.1,0.4,0.1
97,Jannik Vestergaard,1.7,1.4,0.6,0.5,4.0,0.6,0.5,0.0,3.0,0.0,0.8,0.2,0.2,0.4,0.0,0.2,0.4,0.0,0.2,58.8,83.6,0.0,3.6,0.0
98,Arthur Masuaku,1.7,0.7,0.8,0.2,1.4,1.9,0.0,0.0,0.0,2.0,0.5,0.9,2.4,0.7,0.1,1.3,1.2,2.0,0.9,39.7,83.2,1.0,0.9,0.0
99,Alexandre Lacazette,0.6,0.4,1.2,0.0,0.4,0.6,0.0,0.0,13.0,2.0,1.5,0.7,0.7,1.7,0.3,1.0,1.6,2.0,0.7,16.6,78.8,0.0,0.4,0.1
100,Andros Townsend,2.3,1.2,0.8,0.0,0.4,1.4,0.1,0.0,1.0,5.0,1.1,1.2,1.3,1.6,0.1,1.6,1.4,5.0,1.2,20.7,73.7,1.6,0.5,0.0
101,John McGinn,1.6,1.2,1.2,0.1,0.6,1.5,0.2,0.0,3.0,5.0,1.2,1.1,1.4,2.1,0.0,0.9,1.8,5.0,1.1,36.9,79.4,0.3,3.3,0.1
102,Wilfried Zaha,0.9,0.3,1.1,0.0,0.0,0.6,0.0,0.0,11.0,2.0,2.0,1.0,1.8,2.9,0.7,2.6,3.6,2.0,1.0,24.5,78.3,0.2,0.3,0.1
103,Andrew Robertson,1.2,0.6,0.6,0.3,1.8,0.8,0.2,0.0,1.0,7.0,0.5,1.7,0.7,0.3,0.2,0.3,1.1,7.0,1.7,70.5,84.4,1.6,2.1,0.0
104,Bukayo Saka,0.8,0.8,0.9,0.0,0.6,0.9,0.1,1.0,5.0,3.0,1.9,1.2,1.4,2.0,0.5,1.3,2.3,3.0,1.2,30.6,81.8,1.0,0.4,0.0
105,Jorginho,2.0,1.4,1.1,0.0,0.7,1.6,0.2,0.0,7.0,1.0,0.5,0.9,0.6,1.0,0.0,0.5,0.7,1.0,0.9,63.7,89.2,0.1,2.7,0.1
106,Jonny Evans,0.9,1.6,0.6,0.6,3.4,0.2,0.1,1.0,2.0,2.0,0.3,0.4,0.3,0.4,0.0,0.1,0.1,2.0,0.4,66.1,85.9,0.0,3.9,0.0
107,Romain Saïss,1.3,1.9,1.1,0.5,4.1,0.5,0.5,0.0,3.0,0.0,1.0,0.2,0.3,0.4,0.0,0.1,0.4,0.0,0.2,52.9,81.2,0.1,4.0,0.0
108,Stuart Dallas,1.9,1.2,1.1,0.1,1.2,1.5,0.1,0.0,8.0,2.0,1.3,0.7,0.6,1.3,0.0,0.9,1.4,2.0,0.7,51.6,83.7,0.3,2.0,0.0
109,Dwight McNeil,1.3,0.9,0.3,0.0,0.5,1.1,0.2,0.0,2.0,5.0,0.7,1.3,1.8,1.1,0.1,1.7,1.6,5.0,1.3,30.7,78.9,1.4,1.8,0.0
110,Nick Pope,0.0,0.1,0.1,0.0,1.3,0.0,0.0,0.0,0.0,0.0,0.0,0.1,0.0,0.2,0.0,0.0,0.1,0.0,0.1,26.2,44.6,0.0,8.7,0.0
111,Tanguy Ndombele,1.2,0.6,0.8,0.0,0.3,0.8,0.1,0.0,3.0,2.0,0.5,0.4,2.2,1.8,0.0,1.0,1.7,2.0,0.4,35.5,85.6,0.1,0.6,0.1
112,Yerry Mina,0.9,1.0,0.9,0.3,4.5,0.2,1.0,0.0,2.0,0.0,0.7,0.0,0.0,0.5,0.0,0.0,0.1,0.0,0.0,52.4,90.1,0.0,2.2,0.0
113,N'Golo Kanté,2.6,2.0,1.2,0.0,0.9,1.0,0.1,0.0,0.0,2.0,0.3,0.7,0.9,0.2,0.0,0.5,1.6,2.0,0.7,51.0,86.5,0.0,2.3,0.0
114,Toby Alderweireld,1.4,0.4,0.7,0.7,4.6,0.5,1.1,1.0,1.0,0.0,0.4,0.3,0.2,0.1,0.0,0.1,0.1,0.0,0.3,57.5,82.5,0.0,4.4,0.1
115,Dani Ceballos,1.5,1.4,0.9,0.1,0.6,1.2,0.2,0.0,0.0,3.0,0.5,1.1,1.0,1.0,0.0,0.6,0.9,3.0,1.1,50.9,87.2,0.4,2.8,0.1
116,Bertrand Traoré,0.7,0.4,0.9,0.0,0.3,0.7,0.0,0.0,7.0,6.0,1.8,1.0,1.4,1.1,0.2,0.7,1.9,6.0,1.0,19.4,77.7,0.6,1.2,0.1
117,Fikayo Tomori,2.0,2.0,1.0,0.0,8.0,0.0,1.0,0.0,0.0,0.0,0.0,0.0,0.0,0.0,0.0,0.0,0.0,0.0,0.0,29.0,96.6,0.0,0.0,0.0
118,Gaetano Berardi,1.0,0.5,0.5,0.0,1.0,0.0,0.5,0.0,0.0,0.0,0.5,0.0,0.0,0.0,0.0,0.0,0.0,0.0,0.0,27.5,83.6,0.0,1.0,0.0
119,Mateo Kovacic,1.7,0.6,0.6,0.0,0.3,0.6,0.0,0.0,0.0,1.0,0.9,0.8,2.0,1.1,0.0,0.9,1.0,1.0,0.8,65.3,90.8,0.0,3.5,0.1
120,Tom Cairney,0.9,0.0,0.4,0.0,0.1,0.3,0.0,0.0,1.0,1.0,1.2,1.7,1.6,1.8,0.1,1.1,1.5,1.0,1.7,59.4,92.3,1.2,4.0,0.0
121,Joël Veltman,2.4,1.2,1.2,0.2,2.1,1.0,0.2,0.0,1.0,1.0,0.5,0.8,0.6,1.4,0.0,0.3,0.6,1.0,0.8,44.6,77.7,0.7,2.5,0.0
122,Martin Dúbravka,0.0,0.0,0.0,0.0,0.9,0.0,0.0,0.0,0.0,0.0,0.0,0.0,0.0,0.4,0.0,0.0,0.1,0.0,0.0,28.5,70.1,0.0,5.6,0.0
123,Oleksandr Zinchenko,1.3,1.2,0.5,0.2,1.3,0.5,0.2,0.0,0.0,0.0,0.8,0.8,0.3,0.2,0.1,0.3,0.8,0.0,0.8,68.4,89.8,0.3,1.5,0.0
124,Antonee Robinson,1.6,1.3,0.7,0.1,1.9,0.6,0.1,0.0,0.0,0.0,0.4,1.0,1.8,0.3,0.0,0.8,1.6,0.0,1.0,37.4,74.9,1.0,1.2,0.0
125,Kelechi Iheanacho,0.5,0.1,1.0,0.0,0.0,0.5,0.0,0.0,12.0,2.0,2.4,1.1,1.3,0.5,0.4,1.4,2.3,2.0,1.1,20.2,79.8,0.2,0.4,0.2
126,João Virgínia,0.0,0.0,0.0,0.0,0.0,0.0,0.0,0.0,0.0,0.0,0.0,0.0,0.0,0.0,0.0,0.0,0.0,0.0,0.0,12.0,41.7,0.0,2.0,0.0
127,Terence Kongolo,3.0,2.0,1.0,1.0,2.0,0.0,0.0,0.0,0.0,0.0,0.0,0.0,0.0,1.0,0.0,0.0,0.0,0.0,0.0,44.0,81.8,1.0,0.0,0.0
128,Anthony Martial,0.1,0.0,0.7,0.0,0.4,0.5,0.1,0.0,4.0,3.0,2.0,0.8,1.6,1.2,0.7,1.7,2.3,3.0,0.8,21.9,84.4,0.0,0.2,0.0
129,James McArthur,3.2,1.3,1.8,0.1,1.6,1.3,0.2,0.0,0.0,2.0,0.3,0.8,0.8,0.8,0.0,0.6,0.9,2.0,0.8,42.9,81.7,0.1,1.9,0.0
130,Lewis Dunk,0.9,1.0,0.7,0.7,3.2,0.2,0.6,1.0,5.0,0.0,1.0,0.3,0.2,0.6,0.1,0.0,0.4,0.0,0.3,67.4,89.4,0.0,5.5,0.0
131,Kyle Walker-Peters,2.8,1.3,1.1,0.2,1.7,0.8,0.3,0.0,0.0,2.0,0.6,0.5,1.5,1.4,0.2,1.6,1.2,2.0,0.5,44.1,80.9,0.2,1.1,0.0
132,Danny Ings,0.8,0.1,0.7,0.0,0.7,0.6,0.1,0.0,12.0,4.0,2.0,0.8,1.0,0.6,0.6,0.6,2.3,4.0,0.8,17.3,66.3,0.1,0.4,0.0
133,Callum Wilson,0.5,0.3,1.5,0.0,0.5,0.4,0.1,0.0,12.0,5.0,1.9,0.7,1.0,1.6,0.8,1.5,2.8,5.0,0.7,13.1,69.5,0.0,0.1,0.0
134,Trézéguet,1.6,0.9,1.9,0.0,0.6,1.5,0.0,0.0,2.0,1.0,1.7,0.6,0.8,0.9,0.2,0.6,1.3,1.0,0.6,13.7,75.7,0.2,0.6,0.0
135,Timothy Castagne,1.9,1.1,0.7,0.2,1.9,0.7,0.2,0.0,2.0,3.0,0.3,0.8,0.4,0.5,0.0,0.4,0.9,3.0,0.8,49.0,84.3,0.3,0.9,0.0
136,Pascal Groß,1.3,0.7,0.6,0.0,0.4,0.9,0.1,0.0,3.0,8.0,0.9,2.1,0.3,0.5,0.1,0.5,1.0,8.0,2.1,41.9,81.6,2.0,2.7,0.0
137,Fabinho,1.9,1.5,1.0,0.5,2.2,0.9,0.3,0.0,0.0,0.0,0.3,0.1,0.2,0.9,0.0,0.2,0.6,0.0,0.1,70.3,90.3,0.0,3.3,0.0
138,Stuart Armstrong,1.8,0.7,1.0,0.1,0.6,1.5,0.0,0.0,4.0,5.0,1.7,1.1,2.1,1.1,0.1,2.1,2.3,5.0,1.1,37.5,80.7,0.2,1.0,0.1
139,Jordan Henderson,1.1,1.6,0.4,0.6,1.2,0.8,0.0,0.0,1.0,1.0,0.7,0.7,0.4,0.5,0.0,0.2,0.3,1.0,0.7,86.4,87.3,0.2,4.0,0.1
140,Aaron Cresswell,0.9,0.9,0.4,0.1,2.0,0.4,0.4,0.0,0.0,8.0,0.5,1.6,0.1,0.5,0.0,0.3,0.4,8.0,1.6,45.9,78.9,1.6,3.3,0.0
141,Chris Wood,0.4,0.0,1.2,0.0,0.6,0.4,0.1,0.0,12.0,3.0,2.1,0.7,0.2,0.7,0.7,1.3,2.4,3.0,0.7,19.8,65.1,0.0,0.1,0.0
142,Eberechi Eze,0.8,0.7,0.5,0.0,0.2,0.6,0.1,0.0,4.0,6.0,1.1,1.3,1.9,2.1,0.0,1.1,1.7,6.0,1.3,32.0,84.2,0.7,0.7,0.0
143,Rúben Neves,2.4,1.8,1.3,0.1,1.1,1.4,0.3,0.0,5.0,1.0,1.9,0.9,0.3,0.5,0.0,0.4,0.7,1.0,0.9,54.9,84.4,0.1,5.3,0.0
144,Fernandinho,1.5,1.1,1.0,0.1,0.8,1.1,0.1,0.0,0.0,2.0,0.7,0.7,0.5,0.5,0.0,0.2,0.3,2.0,0.7,48.3,87.2,0.0,2.2,0.0
145,Timo Werner,0.6,0.2,0.8,0.0,0.2,1.0,0.0,0.0,6.0,8.0,2.3,1.0,0.8,0.9,0.8,0.8,2.5,8.0,1.0,22.3,78.8,0.3,0.2,0.0
146,Pascal Struijk,1.8,1.7,1.0,0.2,3.1,0.4,0.8,0.0,1.0,0.0,0.5,0.1,0.1,0.3,0.0,0.3,0.4,0.0,0.1,48.0,86.0,0.0,2.3,0.0
147,Tyrone Mings,0.9,1.1,0.6,0.4,4.7,0.2,1.1,1.0,2.0,2.0,0.5,0.2,0.2,0.5,0.1,0.1,0.5,2.0,0.2,46.6,77.9,0.0,3.7,0.0
148,Jonjo Shelvey,1.3,1.2,1.0,0.0,1.3,0.9,0.5,0.0,1.0,3.0,1.4,1.2,0.7,0.3,0.0,0.2,0.6,3.0,1.2,46.7,76.4,0.7,5.8,0.0
149,Leandro Trossard,0.9,0.7,0.8,0.0,0.1,0.7,0.1,0.0,5.0,5.0,1.7,1.4,1.1,0.9,0.1,1.7,1.9,5.0,1.4,28.5,78.8,0.7,1.6,0.0
150,Andreas Christensen,0.6,1.2,0.5,0.4,2.9,0.5,0.8,0.0,0.0,0.0,0.2,0.4,0.4,0.4,0.0,0.1,0.5,0.0,0.4,67.1,91.3,0.0,3.1,0.1
151,Joachim Andersen,1.1,1.4,1.3,1.1,4.8,0.4,0.4,0.0,1.0,1.0,0.4,0.3,0.3,0.5,0.0,0.1,0.3,1.0,0.3,63.2,81.4,0.0,5.8,0.0
152,Karl Darlow,0.0,0.0,0.0,0.0,1.7,0.0,0.0,0.0,0.0,0.0,0.0,0.0,0.0,0.2,0.0,0.0,0.0,0.0,0.0,25.1,45.7,0.0,7.4,0.0
153,Calum Chambers,0.7,1.0,0.7,0.2,3.6,0.5,0.2,0.0,0.0,2.0,0.8,1.1,0.4,0.2,0.0,0.4,0.7,2.0,1.1,47.9,83.9,0.6,1.3,0.1
154,Rob Holding,1.4,0.8,0.8,0.5,4.0,0.6,0.9,1.0,0.0,1.0,0.5,0.1,0.3,0.2,0.1,0.2,0.4,1.0,0.1,60.1,87.0,0.0,3.1,0.0
155,Anwar El Ghazi,0.6,0.2,0.6,0.0,0.4,0.6,0.0,0.0,10.0,0.0,2.3,0.9,0.9,1.0,0.2,1.3,1.7,0.0,0.9,18.7,75.3,0.8,0.4,0.0
156,Conor Hourihane,0.0,0.0,0.3,0.0,0.5,0.5,0.0,0.0,1.0,1.0,1.3,1.3,0.0,0.0,0.0,0.0,0.3,1.0,1.3,33.3,87.2,1.0,1.0,0.0
157,Abdoulaye Doucouré,1.8,1.3,0.8,0.1,0.9,1.0,0.2,0.0,2.0,3.0,0.6,0.7,0.7,0.4,0.0,0.9,1.2,3.0,0.7,46.2,85.1,0.0,1.3,0.1
158,Amad Diallo,1.0,0.0,0.7,0.0,0.3,0.0,0.3,0.0,0.0,1.0,0.3,0.7,1.7,1.3,0.0,1.7,1.7,1.0,0.7,21.0,82.5,0.0,0.7,0.3
159,Pablo Fornals,1.3,1.1,0.8,0.0,0.2,1.9,0.0,0.0,5.0,4.0,1.5,0.9,0.9,0.5,0.2,0.6,1.1,4.0,0.9,32.1,79.4,0.2,0.8,0.0
160,Pierre-Emerick Aubameyang,0.4,0.2,0.4,0.0,0.5,0.6,0.0,1.0,10.0,3.0,2.0,0.8,0.4,0.6,0.6,0.7,1.3,3.0,0.8,21.5,78.0,0.3,0.4,0.0
161,Ben Godfrey,1.8,1.1,0.5,0.3,3.5,0.5,1.2,1.0,0.0,2.0,0.5,0.1,0.3,0.5,0.1,0.2,0.9,2.0,0.1,39.3,84.7,0.1,1.2,0.0
162,Che Adams,0.7,0.1,0.8,0.1,0.5,0.3,0.1,0.0,9.0,5.0,1.5,1.0,0.8,1.5,0.5,1.2,2.4,5.0,1.0,16.9,70.3,0.0,0.7,0.2
163,Adam Webster,1.0,1.6,0.8,0.3,2.9,0.4,0.6,0.0,1.0,0.0,0.9,0.2,0.6,0.5,0.0,0.2,0.9,0.0,0.2,63.4,80.9,0.0,3.4,0.0
164,Kyle Bartley,0.9,1.3,1.0,0.5,5.3,0.4,1.2,0.0,3.0,1.0,0.5,0.2,0.1,0.3,0.2,0.1,0.3,1.0,0.2,27.6,77.1,0.0,1.7,0.0
165,Emile Smith Rowe,0.7,0.5,0.3,0.0,0.5,0.6,0.1,0.0,2.0,4.0,0.7,1.4,0.5,1.0,0.2,0.4,1.9,4.0,1.4,36.3,88.7,0.1,0.6,0.1
166,Allan,3.3,0.8,1.5,0.1,1.0,2.8,0.5,0.0,0.0,0.0,0.3,0.7,1.3,1.3,0.0,0.8,0.9,0.0,0.7,44.0,85.6,0.0,2.4,0.0
167,Kyle Walker,1.2,0.6,1.0,0.3,0.9,0.3,0.3,0.0,1.0,1.0,0.4,0.3,1.0,0.5,0.0,0.7,0.7,1.0,0.3,72.2,90.2,0.1,3.7,0.0
168,Josh Brownhill,1.4,2.1,1.1,0.0,1.1,0.9,0.3,0.0,0.0,1.0,1.0,0.5,0.5,1.0,0.1,0.5,1.1,1.0,0.5,35.5,78.3,0.1,1.0,0.0
169,Aymeric Laporte,0.8,0.7,0.6,0.6,1.8,0.3,0.4,0.0,0.0,0.0,0.4,0.3,0.1,0.6,0.1,0.1,0.5,0.0,0.3,79.6,91.1,0.0,2.9,0.0
170,Ferran Torres,0.5,0.1,0.7,0.0,0.3,0.5,0.0,0.0,7.0,2.0,1.5,0.8,0.8,0.7,0.2,0.9,1.0,2.0,0.8,16.9,85.2,0.1,0.4,0.0
171,Nicolas Pépé,0.7,0.4,0.4,0.0,0.4,0.5,0.0,0.0,10.0,1.0,1.7,0.4,1.0,0.9,0.1,0.8,1.9,1.0,0.4,21.7,81.1,0.2,0.2,0.0
172,Ross Barkley,0.3,0.2,0.5,0.0,0.3,0.5,0.0,0.0,3.0,1.0,1.6,1.6,1.2,0.7,0.2,1.3,1.6,1.0,1.6,30.3,84.8,0.8,1.4,0.0
173,Hugo Lloris,0.0,0.0,0.0,0.0,0.5,0.0,0.0,0.0,0.0,0.0,0.0,0.0,0.0,0.1,0.0,0.0,0.0,0.0,0.0,23.6,69.3,0.0,4.8,0.0
174,Willy Boly,1.6,1.5,0.7,0.2,4.0,0.5,0.6,0.0,1.0,1.0,0.7,0.1,0.2,0.4,0.0,0.1,0.5,1.0,0.1,49.3,82.5,0.0,1.9,0.0
175,Dan Burn,1.9,1.1,1.3,0.1,2.6,1.0,0.3,1.0,1.0,0.0,0.6,0.4,0.4,0.2,0.1,0.3,1.0,0.0,0.4,40.7,75.6,0.3,1.1,0.0
176,Sébastien Haller,0.9,0.3,1.5,0.1,0.4,1.0,0.1,0.0,3.0,0.0,1.6,0.6,0.6,0.9,0.6,1.4,2.6,0.0,0.6,15.3,64.1,0.1,0.6,0.0
177,Ezri Konsa,0.7,0.8,0.5,0.4,4.4,0.1,1.3,0.0,2.0,0.0,0.6,0.1,0.2,1.5,0.0,0.2,0.5,0.0,0.1,35.8,84.7,0.0,2.1,0.0
178,Jarrod Bowen,0.7,0.6,0.4,0.0,0.1,0.5,0.0,0.0,8.0,5.0,1.4,0.8,0.9,1.4,0.4,1.3,1.7,5.0,0.8,16.3,74.4,0.8,0.8,0.0
179,Matt Doherty,1.7,1.4,1.2,0.2,2.1,1.2,0.3,0.0,0.0,2.0,0.2,0.6,0.3,0.7,0.0,0.5,1.1,2.0,0.6,39.8,80.5,0.5,1.2,0.0
180,Thomas Partey,1.8,1.0,0.8,0.0,0.6,1.3,0.2,0.0,0.0,2.0,1.1,0.5,1.2,0.7,0.0,0.4,0.9,2.0,0.5,47.5,87.2,0.0,2.7,0.1
181,Joelinton,1.1,0.3,0.8,0.0,0.7,0.7,0.1,0.0,4.0,2.0,1.4,0.5,1.2,1.2,0.2,1.4,2.6,2.0,0.5,18.8,73.0,0.0,0.3,0.0
182,Christian Pulisic,0.7,0.4,0.5,0.0,0.3,0.5,0.1,0.0,4.0,2.0,1.6,0.9,1.8,1.2,0.1,1.1,2.5,2.0,0.9,24.5,82.9,0.2,0.4,0.0
183,Marc Albrighton,1.1,0.5,0.3,0.1,0.6,0.9,0.1,0.0,1.0,5.0,0.7,1.2,1.2,0.6,0.1,0.9,1.1,5.0,1.2,24.2,73.3,0.7,1.3,0.0
184,Çaglar Söyüncü,1.2,1.2,0.8,0.6,3.4,0.6,0.4,0.0,1.0,0.0,0.4,0.3,0.2,0.7,0.0,0.2,0.3,0.0,0.3,60.1,88.0,0.2,2.1,0.0
185,Alphonse Areola,0.0,0.0,0.0,0.0,1.1,0.1,0.0,0.0,0.0,0.0,0.0,0.0,0.0,0.1,0.0,0.0,0.0,0.0,0.0,23.3,68.7,0.0,4.4,0.0
186,Christian Fuchs,2.0,1.8,1.6,0.0,3.3,0.8,0.4,0.0,0.0,0.0,0.4,0.1,0.0,0.6,0.0,0.1,0.2,0.0,0.1,58.2,82.1,0.1,2.7,0.0
187,Sam Johnstone,0.0,0.1,0.0,0.0,1.0,0.0,0.0,0.0,0.0,1.0,0.0,0.0,0.0,0.1,0.0,0.0,0.0,1.0,0.0,29.9,43.2,0.0,8.4,0.0
188,Alisson,0.1,0.1,0.0,0.0,1.3,0.0,0.0,0.0,1.0,0.0,0.0,0.0,0.1,0.2,0.0,0.0,0.0,0.0,0.0,29.9,84.6,0.0,3.2,0.0
189,Granit Xhaka,1.6,0.8,1.3,0.0,1.2,0.9,0.2,0.0,1.0,2.0,0.7,0.5,0.3,1.2,0.0,0.4,0.6,2.0,0.5,70.6,90.2,0.1,4.2,0.1
190,Tosin Adarabioyo,1.1,1.3,0.5,0.8,5.8,0.6,0.6,1.0,0.0,0.0,0.5,0.2,0.3,0.2,0.1,0.2,0.4,0.0,0.2,57.7,86.2,0.0,3.6,0.0
191,Angelo Ogbonna,0.9,1.1,1.0,0.5,4.1,0.3,0.4,0.0,3.0,0.0,0.5,0.1,0.1,0.3,0.0,0.2,0.1,0.0,0.1,36.4,81.3,0.0,1.8,0.0
192,Gabriel Magalhães,1.1,1.1,1.0,0.5,3.2,0.3,0.8,0.0,2.0,0.0,0.7,0.1,0.2,1.1,0.0,0.3,0.2,0.0,0.1,67.4,85.7,0.0,2.2,0.0
193,Callum Hudson-Odoi,1.0,0.3,0.5,0.0,0.2,0.6,0.0,0.0,2.0,3.0,1.0,1.4,0.7,0.3,0.2,0.7,0.6,3.0,1.4,25.0,86.1,0.7,1.2,0.0
194,Tariq Lamptey,1.5,1.7,1.9,0.1,0.8,0.6,0.1,0.0,1.0,1.0,0.5,0.9,1.2,2.5,0.1,0.5,1.9,1.0,0.9,34.0,78.1,0.9,0.4,0.0
195,David McGoldrick,0.9,0.1,1.3,0.0,0.7,0.5,0.1,0.0,8.0,1.0,2.0,0.5,1.3,0.9,0.5,1.3,2.5,1.0,0.5,26.0,74.7,0.1,0.7,0.0
196,Mason Greenwood,0.4,0.2,0.5,0.0,0.0,0.5,0.0,0.0,7.0,2.0,2.2,0.5,1.2,0.6,0.1,0.9,1.1,2.0,0.5,23.0,85.0,0.2,0.8,0.1
197,Martin Ødegaard,0.6,0.1,0.1,0.0,0.4,0.7,0.0,0.0,1.0,2.0,1.1,1.4,0.9,0.6,0.1,0.8,1.0,2.0,1.4,35.4,90.9,0.7,0.9,0.0
198,Sergio Reguilón,1.7,1.2,1.0,0.3,1.5,0.9,0.3,1.0,0.0,3.0,0.7,0.6,0.8,0.7,0.0,0.6,1.3,3.0,0.6,44.4,77.3,0.6,1.4,0.0
199,Conor Townsend,1.8,1.4,0.6,0.1,2.0,0.8,0.6,0.0,0.0,2.0,0.4,0.9,0.4,1.0,0.1,0.3,1.3,2.0,0.9,36.7,76.7,0.6,1.8,0.0
200,Ozan Kabak,2.1,1.3,1.3,0.9,3.0,0.3,0.2,0.0,0.0,0.0,0.1,0.1,0.3,0.3,0.0,0.3,0.4,0.0,0.1,64.9,88.7,0.0,1.7,0.0
201,Matthew Lowton,1.6,1.6,0.6,0.3,2.3,1.2,0.4,0.0,1.0,1.0,0.6,0.8,0.8,0.4,0.0,0.3,1.1,1.0,0.8,35.1,68.8,0.4,3.2,0.1
202,Pablo Marí,1.5,0.9,0.8,0.6,2.9,0.5,0.7,0.0,0.0,0.0,0.2,0.1,0.3,0.4,0.0,0.0,0.1,0.0,0.1,62.7,87.7,0.0,1.8,0.0
203,Robin Olsen,0.0,0.0,0.0,0.0,0.7,0.0,0.0,0.0,0.0,0.0,0.0,0.0,0.0,0.1,0.0,0.0,0.0,0.0,0.0,25.1,65.9,0.0,6.4,0.0
204,David Button,0.0,0.0,0.0,0.0,2.0,0.0,0.0,0.0,0.0,0.0,0.0,0.0,0.0,0.0,0.0,0.0,0.0,0.0,0.0,36.0,47.2,0.0,9.0,0.0
205,Fabián Balbuena,1.7,1.8,0.9,0.4,4.4,0.6,0.4,0.0,1.0,0.0,0.6,0.0,0.1,0.2,0.0,0.0,0.2,0.0,0.0,34.4,75.1,0.0,3.1,0.0
206,Rhys Williams,0.7,0.7,0.4,0.4,2.9,0.0,0.3,0.0,0.0,0.0,0.8,0.2,0.0,0.2,0.0,0.0,0.0,0.0,0.2,56.0,87.3,0.0,2.1,0.1
207,Hakim Ziyech,0.6,0.4,0.8,0.0,0.0,0.6,0.0,0.0,2.0,3.0,1.5,1.5,0.8,0.7,0.2,0.7,1.3,3.0,1.5,29.0,79.1,0.5,1.1,0.0
208,Jan Bednarek,1.0,2.3,0.8,0.8,3.7,0.7,0.8,1.0,1.0,1.0,0.3,0.1,0.1,0.4,0.0,0.1,0.3,1.0,0.1,57.4,82.4,0.0,2.3,0.0
209,Japhet Tanganga,0.8,0.5,1.8,0.3,2.2,0.3,0.8,0.0,0.0,0.0,0.3,0.2,1.5,1.2,0.0,0.8,0.3,0.0,0.2,33.2,80.9,0.2,0.5,0.2
210,Tyrick Mitchell,3.4,1.1,0.4,0.2,2.4,0.9,0.5,0.0,1.0,1.0,0.1,0.2,0.6,0.6,0.0,0.6,0.8,1.0,0.2,31.5,69.8,0.3,1.5,0.0
211,Ethan Ampadu,2.3,2.0,1.0,0.2,3.3,1.0,0.8,1.0,0.0,0.0,0.3,0.4,0.5,1.0,0.0,0.2,0.6,0.0,0.4,40.2,82.3,0.2,2.2,0.0
212,Tammy Abraham,0.3,0.2,1.0,0.0,0.8,0.3,0.0,0.0,6.0,1.0,1.5,0.4,0.3,0.5,0.2,0.3,1.5,1.0,0.4,9.3,72.7,0.0,0.1,0.0
213,Fraser Forster,0.1,0.0,0.1,0.0,2.0,0.1,0.0,0.0,0.0,0.0,0.0,0.0,0.0,0.4,0.0,0.0,0.0,0.0,0.0,30.4,51.9,0.0,4.5,0.0
214,Victor Lindelöf,0.8,1.1,0.8,0.6,3.3,0.4,0.5,0.0,1.0,1.0,0.1,0.2,0.1,0.3,0.0,0.1,0.3,1.0,0.2,64.3,89.8,0.0,2.1,0.0
215,Kenny Tete,2.2,1.2,1.3,0.2,2.0,0.4,0.2,0.0,0.0,1.0,0.3,0.8,0.5,0.8,0.1,0.4,0.9,1.0,0.8,31.4,75.5,1.0,1.5,0.0
216,Chris Basham,2.2,1.6,0.8,0.3,3.3,0.8,0.5,0.0,0.0,1.0,0.3,0.4,0.7,0.9,0.2,0.6,1.0,1.0,0.4,34.1,82.8,0.2,1.2,0.0
217,Héctor Bellerín,1.2,1.3,0.8,0.1,1.2,1.2,0.3,0.0,1.0,2.0,0.6,0.8,0.5,0.3,0.0,0.2,1.0,2.0,0.8,44.6,83.8,0.5,0.7,0.1
218,Daniel Podence,0.5,0.5,0.6,0.0,0.1,0.7,0.0,0.0,3.0,2.0,1.3,0.9,1.6,1.1,0.2,1.0,1.5,2.0,0.9,25.0,77.7,0.3,1.8,0.0
219,Kieran Tierney,1.0,0.6,0.5,0.2,2.1,0.7,0.4,0.0,1.0,3.0,0.6,1.1,0.6,0.7,0.0,0.5,0.9,3.0,1.1,43.7,79.6,0.9,1.6,0.0
220,Mbaye Diagne,0.3,0.1,1.1,0.0,1.0,0.2,0.1,0.0,3.0,2.0,1.6,0.6,0.6,1.4,1.1,1.2,1.6,2.0,0.6,14.7,62.1,0.1,0.5,0.0
221,Oliver McBurnie,0.7,0.3,1.0,0.0,1.3,0.5,0.1,0.0,1.0,0.0,1.3,0.7,0.2,1.1,0.2,0.7,1.0,0.0,0.7,19.1,57.5,0.0,0.3,0.0
222,João Moutinho,2.3,1.4,1.3,0.1,0.7,1.7,0.1,0.0,1.0,1.0,0.4,1.4,0.4,0.7,0.0,0.3,0.5,1.0,1.4,52.2,88.4,0.8,2.3,0.1
223,Douglas Luiz,1.5,1.3,1.8,0.0,1.2,1.2,0.5,0.0,0.0,2.0,0.8,0.6,0.7,1.5,0.0,0.5,0.8,2.0,0.6,42.9,85.7,0.1,3.3,0.0
224,Edinson Cavani,0.5,0.2,0.8,0.0,0.4,0.4,0.0,0.0,10.0,3.0,1.3,0.5,0.2,0.5,0.2,0.4,1.2,3.0,0.5,12.9,77.4,0.0,0.5,0.1
225,Rodrigo,0.5,0.2,0.7,0.0,0.6,0.7,0.0,0.0,7.0,2.0,1.8,1.2,0.6,0.3,0.1,0.8,1.5,2.0,1.2,21.5,76.9,0.1,1.0,0.2
226,Craig Dawson,0.5,1.5,0.6,0.2,4.0,0.3,1.0,2.0,3.0,0.0,0.7,0.1,0.0,0.5,0.1,0.0,0.2,0.0,0.1,34.7,79.7,0.0,2.7,0.0
227,Charlie Taylor,1.7,1.0,0.3,0.2,2.5,0.7,0.7,0.0,0.0,1.0,0.1,0.4,0.9,1.2,0.0,0.3,0.7,1.0,0.4,34.1,70.3,0.7,2.1,0.0
228,Davinson Sánchez,2.2,0.8,1.2,0.9,4.7,0.6,0.7,1.0,0.0,0.0,0.3,0.1,0.1,0.4,0.0,0.2,0.4,0.0,0.1,57.0,84.5,0.0,2.1,0.0
229,Isaac Hayden,2.2,1.8,1.6,0.1,1.9,0.9,0.4,0.0,0.0,0.0,0.7,0.3,0.3,0.7,0.0,0.6,0.8,0.0,0.3,32.8,80.7,0.1,1.2,0.0
230,Gylfi Sigurdsson,0.8,0.9,0.6,0.0,0.5,0.9,0.1,0.0,6.0,5.0,1.4,1.2,0.4,0.5,0.0,0.8,1.3,5.0,1.2,23.7,85.0,0.8,0.7,0.0
231,Danny Welbeck,0.5,0.3,0.8,0.0,0.5,0.5,0.0,0.0,6.0,1.0,1.5,0.9,0.8,0.7,0.2,0.5,2.1,1.0,0.9,10.8,81.0,0.0,0.1,0.0
232,Paul Dummett,1.1,1.1,0.6,0.3,4.7,0.5,0.5,0.0,1.0,0.0,0.2,0.3,0.2,0.3,0.0,0.0,0.6,0.0,0.3,34.5,74.1,0.3,2.1,0.0
233,Jacob Murphy,1.5,0.5,0.9,0.1,0.9,1.0,0.1,0.0,2.0,3.0,1.2,0.7,1.5,0.9,0.1,1.0,1.3,3.0,0.7,17.6,70.5,0.6,0.8,0.0
234,Mohammed Salisu,3.2,1.4,0.8,0.5,2.4,0.8,0.4,0.0,0.0,0.0,0.3,0.2,0.8,0.3,0.0,0.6,1.0,0.0,0.2,30.0,80.0,0.0,0.9,0.0
235,Eric Dier,0.8,0.8,0.6,0.4,4.4,0.3,1.1,0.0,0.0,0.0,0.5,0.2,0.1,0.4,0.0,0.0,0.4,0.0,0.2,63.9,83.2,0.0,4.0,0.0
236,Gabriel Martinelli,0.5,0.6,0.6,0.0,0.2,0.4,0.0,0.0,2.0,1.0,1.4,0.6,0.9,0.3,0.1,0.5,1.6,1.0,0.6,10.3,79.9,0.4,0.2,0.0
237,Harrison Reed,2.0,1.6,1.3,0.0,0.8,1.4,0.4,0.0,0.0,2.0,0.4,0.7,0.5,0.8,0.0,0.3,0.6,2.0,0.7,47.6,86.2,0.2,1.5,0.0
238,Miguel Almirón,1.4,0.7,0.5,0.0,0.5,1.2,0.1,0.0,4.0,1.0,1.0,0.9,1.1,1.1,0.2,1.0,1.4,1.0,0.9,25.0,82.0,0.2,1.0,0.1
239,Luke Thomas,1.6,1.1,0.7,0.1,1.4,0.5,0.1,0.0,1.0,0.0,0.5,0.5,0.4,1.1,0.0,0.9,1.1,0.0,0.5,28.9,71.6,0.2,0.7,0.0
240,Willian,0.5,0.3,0.2,0.0,0.2,0.4,0.0,0.0,1.0,5.0,0.8,1.3,0.5,0.8,0.2,0.6,0.9,5.0,1.3,27.1,87.5,1.1,1.4,0.0
241,Séamus Coleman,1.6,0.5,0.5,0.1,1.3,0.4,0.2,0.0,0.0,3.0,0.5,0.8,0.8,0.7,0.0,0.9,1.1,3.0,0.8,25.8,82.9,0.4,1.3,0.0
242,Leander Dendoncker,1.6,0.8,0.9,0.2,1.5,0.9,0.5,1.0,1.0,0.0,0.9,0.5,0.2,0.4,0.1,0.3,0.9,0.0,0.5,36.5,85.5,0.1,1.3,0.0
243,Jeffrey Schlupp,1.1,0.8,0.9,0.0,0.4,0.6,0.3,0.0,2.0,3.0,0.7,0.7,1.1,0.6,0.0,1.5,1.2,3.0,0.7,14.8,73.9,0.2,0.4,0.0
244,Dean Henderson,0.1,0.0,0.0,0.0,0.5,0.1,0.0,0.0,0.0,0.0,0.0,0.0,0.0,0.0,0.0,0.0,0.0,0.0,0.0,19.8,67.4,0.0,2.2,0.0
245,Jordan Pickford,0.0,0.1,0.0,0.0,1.3,0.1,0.0,0.0,0.0,0.0,0.0,0.0,0.0,0.1,0.0,0.0,0.0,0.0,0.0,32.2,61.8,0.0,8.5,0.0
246,Ahmed El Mohamady,1.2,1.2,0.4,0.1,1.6,0.4,0.2,0.0,0.0,0.0,0.6,0.9,0.1,0.2,0.0,0.2,0.4,0.0,0.9,33.6,78.1,0.7,2.1,0.0
247,Issa Diop,1.1,1.2,0.4,0.6,3.2,0.6,1.2,1.0,2.0,0.0,0.2,0.1,0.2,0.4,0.1,0.1,0.3,0.0,0.1,32.4,82.2,0.0,1.0,0.0
248,Sergio Agüero,0.3,0.2,0.2,0.0,0.0,0.8,0.0,0.0,4.0,1.0,1.6,0.6,0.7,0.6,0.1,0.9,1.3,1.0,0.6,14.3,80.7,0.1,0.2,0.0
249,Ciaran Clark,1.1,1.3,0.7,0.5,4.5,0.3,0.9,1.0,1.0,0.0,0.4,0.1,0.2,0.5,0.0,0.0,0.5,0.0,0.1,35.9,81.5,0.0,1.8,0.0
250,Federico Fernández,1.2,0.7,0.6,0.7,6.0,0.2,1.3,1.0,0.0,0.0,0.2,0.3,0.0,0.6,0.0,0.1,0.3,0.0,0.3,34.8,80.7,0.1,2.3,0.0
251,Matt Ritchie,0.6,0.7,0.7,0.1,2.3,0.8,0.1,1.0,0.0,2.0,0.6,1.4,0.4,1.1,0.1,0.3,0.7,2.0,1.4,24.3,76.0,1.8,1.4,0.0
252,Mason Holgate,2.0,1.3,1.0,0.3,2.9,1.1,0.5,0.0,1.0,0.0,0.2,0.3,0.3,1.0,0.0,0.2,0.5,0.0,0.3,39.4,79.1,0.2,3.1,0.0
253,Conor Gallagher,2.7,0.9,1.4,0.0,0.9,2.3,0.3,0.0,2.0,2.0,1.0,0.7,1.0,2.1,0.0,1.2,2.1,2.0,0.7,29.7,81.5,0.4,1.6,0.0
254,Ashley Westwood,0.6,1.2,0.9,0.0,0.8,0.8,0.2,0.0,3.0,3.0,0.5,1.4,0.3,1.1,0.0,0.3,0.8,3.0,1.4,53.8,78.7,1.2,4.2,0.0
255,Lucas Moura,1.1,0.6,0.8,0.0,0.3,0.7,0.0,0.0,3.0,4.0,0.6,0.5,1.1,1.6,0.1,1.2,1.6,4.0,0.5,19.0,75.2,0.2,0.2,0.0
256,Emerson,1.5,0.5,1.5,0.0,3.0,1.0,0.0,0.0,0.0,0.0,0.0,0.0,0.0,0.0,0.0,0.0,1.0,0.0,0.0,28.0,73.2,0.5,1.5,0.0
257,Benjamin Mendy,1.0,0.4,1.1,0.2,0.7,1.2,0.4,0.0,2.0,1.0,0.5,0.4,0.8,0.0,0.1,0.4,1.2,1.0,0.4,42.5,83.9,0.3,1.1,0.0
258,Ola Aina,1.2,1.5,1.0,0.4,2.6,0.7,0.2,0.0,2.0,1.0,0.5,0.5,0.7,0.8,0.1,0.3,0.9,1.0,0.5,47.2,78.9,0.3,2.1,0.0
259,Lukasz Fabianski,0.0,0.0,0.0,0.0,0.6,0.0,0.0,0.0,0.0,0.0,0.0,0.0,0.0,0.1,0.0,0.0,0.0,0.0,0.0,24.5,54.9,0.0,7.5,0.0
260,Darnell Furlong,1.3,1.4,1.0,0.2,2.2,0.7,0.5,1.0,1.0,3.0,0.7,0.5,0.3,0.9,0.1,0.3,1.1,3.0,0.5,23.3,59.4,0.5,1.2,0.0
261,Georginio Wijnaldum,0.6,0.7,0.4,0.0,0.4,0.6,0.1,0.0,2.0,0.0,0.8,0.6,0.9,0.6,0.0,0.7,1.0,0.0,0.6,46.2,92.7,0.0,1.2,0.0
262,Giovani Lo Celso,1.6,0.4,1.1,0.1,0.3,1.1,0.1,0.0,1.0,1.0,0.8,0.8,0.4,1.1,0.0,0.8,1.2,1.0,0.8,31.7,81.4,0.2,1.1,0.1
263,Ezgjan Alioski,2.1,0.6,1.1,0.1,1.1,1.2,0.1,0.0,2.0,3.0,0.7,0.8,0.3,1.2,0.2,0.4,1.0,3.0,0.8,38.3,79.5,0.4,0.8,0.0
264,Daniel James,1.0,0.0,0.9,0.0,0.3,1.0,0.1,0.0,3.0,1.0,1.1,0.7,0.7,0.9,0.3,0.6,1.4,1.0,0.7,19.2,81.3,0.1,0.1,0.0
265,Ederson,0.1,0.0,0.0,0.0,0.5,0.0,0.0,0.0,0.0,1.0,0.0,0.0,0.0,0.1,0.0,0.0,0.1,1.0,0.0,26.6,81.2,0.0,4.4,0.0
266,Ricardo Pereira,2.1,1.0,1.2,0.1,1.3,1.5,0.1,0.0,0.0,1.0,0.5,0.7,0.9,0.5,0.0,1.1,1.4,1.0,0.7,30.9,77.1,0.3,0.7,0.1
267,Jack Robinson,1.3,0.8,0.9,0.4,3.7,0.5,0.4,0.0,0.0,1.0,0.5,0.1,0.3,0.5,0.0,0.2,0.5,1.0,0.1,38.5,82.0,0.0,1.4,0.0
268,Fabio Carvalho,2.3,0.3,1.0,0.0,0.0,1.0,0.0,0.0,1.0,0.0,2.3,0.5,2.0,0.5,0.0,2.3,2.8,0.0,0.5,21.3,78.8,0.0,0.0,0.0
269,Kai Havertz,0.7,0.1,1.0,0.1,0.7,0.8,0.0,0.0,4.0,3.0,1.2,0.7,0.7,0.6,0.3,1.0,2.0,3.0,0.7,28.4,84.9,0.0,0.4,0.0
270,Ben White,1.4,1.7,0.8,0.3,1.4,0.9,0.6,0.0,0.0,0.0,0.3,0.2,0.7,0.3,0.0,0.3,0.6,0.0,0.2,48.5,83.2,0.0,2.3,0.0
271,Ayoze Pérez,1.3,0.4,1.2,0.0,0.3,1.4,0.0,0.0,2.0,1.0,1.2,0.9,1.2,0.9,0.3,1.0,1.5,1.0,0.9,18.8,76.8,0.3,0.2,0.0
272,Jamaal Lascelles,0.7,0.6,0.9,0.4,4.4,0.2,0.9,0.0,2.0,0.0,0.8,0.2,0.2,0.5,0.0,0.1,0.3,0.0,0.2,32.7,80.2,0.0,2.2,0.0
273,Mario Lemina,2.2,1.1,1.1,0.1,0.7,0.8,0.2,0.0,1.0,0.0,0.7,0.4,0.9,0.5,0.0,0.8,0.9,0.0,0.4,31.7,83.5,0.0,1.7,0.0
274,Robert Sánchez,0.0,0.0,0.1,0.0,0.5,0.0,0.0,0.0,0.0,0.0,0.0,0.0,0.0,0.2,0.0,0.0,0.1,0.0,0.0,36.4,70.9,0.0,6.9,0.0
275,Saïd Benrahma,0.8,0.3,0.5,0.0,0.1,0.7,0.0,0.0,1.0,6.0,1.2,0.9,1.4,0.5,0.1,1.1,1.6,6.0,0.9,16.1,82.0,0.3,0.3,0.0
276,Naby Keïta,1.1,0.9,1.3,0.0,0.5,1.0,0.0,0.0,0.0,0.0,0.9,0.6,0.8,0.2,0.0,0.8,1.4,0.0,0.6,35.6,87.9,0.1,0.7,0.1
277,Robin Koch,1.6,1.6,1.0,0.1,1.8,0.5,0.7,0.0,0.0,0.0,0.5,0.2,0.2,0.5,0.0,0.0,0.3,0.0,0.2,45.2,86.2,0.0,2.5,0.0
278,Maximilian Kilman,1.2,1.1,1.1,0.2,2.2,0.3,0.4,0.0,0.0,1.0,0.4,0.3,0.4,0.2,0.0,0.1,0.2,1.0,0.3,41.4,87.9,0.0,0.9,0.0
279,John Egan,1.3,1.3,0.9,0.3,4.2,0.5,1.0,0.0,0.0,1.0,0.5,0.1,0.0,0.3,0.0,0.0,0.2,1.0,0.1,36.2,81.7,0.0,3.0,0.0
280,Curtis Jones,0.7,0.8,0.8,0.0,0.4,0.5,0.0,0.0,1.0,2.0,0.8,0.5,0.9,0.5,0.0,1.3,0.9,2.0,0.5,40.3,92.2,0.0,0.9,0.0
281,Nemanja Matic,1.3,1.1,0.7,0.1,0.5,0.9,0.3,0.0,0.0,0.0,0.3,0.4,0.9,0.3,0.0,0.4,0.7,0.0,0.4,50.8,90.3,0.1,2.7,0.0
282,Scott Dann,0.4,1.2,0.4,0.1,3.8,0.5,0.9,0.0,1.0,0.0,0.3,0.1,0.3,0.3,0.0,0.0,0.3,0.0,0.1,42.7,80.9,0.0,2.4,0.0
283,Nathan Aké,1.0,0.9,0.8,0.5,2.2,0.1,0.1,0.0,1.0,0.0,0.3,0.1,0.0,0.4,0.0,0.1,0.2,0.0,0.1,75.1,93.1,0.0,1.4,0.0
284,Joe Rodon,1.2,1.8,0.2,0.4,2.9,0.1,0.7,0.0,0.0,0.0,0.1,0.0,0.0,0.7,0.1,0.0,0.2,0.0,0.0,35.8,88.1,0.0,1.3,0.0
285,Neal Maupay,0.6,0.4,0.8,0.0,0.2,0.6,0.0,0.0,8.0,2.0,2.2,1.0,0.7,1.3,0.4,1.5,2.2,2.0,1.0,19.7,78.5,0.2,0.4,0.1
286,Gary Cahill,0.7,0.7,0.6,0.3,4.3,0.2,1.1,0.0,1.0,1.0,0.6,0.4,0.1,0.2,0.2,0.1,0.4,1.0,0.4,37.3,82.4,0.0,2.4,0.0
287,Cheikhou Kouyaté,1.6,0.9,1.0,0.4,3.4,0.5,0.7,0.0,1.0,0.0,0.2,0.2,0.3,0.4,0.0,0.2,0.5,0.0,0.2,35.5,77.2,0.0,2.5,0.0
288,Theo Walcott,1.1,0.7,0.6,0.0,0.1,1.0,0.0,0.0,3.0,3.0,1.4,0.8,0.8,1.4,0.4,1.3,2.7,3.0,0.8,19.0,74.4,0.2,0.3,0.0
289,Bernardo,3.3,0.3,0.3,0.0,0.3,0.7,0.0,0.0,0.0,0.0,1.3,0.7,0.0,0.3,0.0,1.3,0.3,0.0,0.7,24.7,74.3,0.3,0.7,0.0
290,Ben Davies,1.4,0.9,1.0,0.4,2.3,0.9,0.3,0.0,0.0,1.0,0.2,0.4,0.2,0.7,0.1,0.1,0.3,1.0,0.4,32.3,79.2,0.3,1.1,0.0
291,Édouard Mendy,0.0,0.0,0.0,0.0,0.4,0.0,0.0,0.0,0.0,0.0,0.0,0.0,0.0,0.1,0.0,0.0,0.0,0.0,0.0,29.0,83.3,0.0,3.5,0.0
292,Rayan Aït-Nouri,1.4,0.7,0.7,0.0,0.9,0.7,0.0,0.0,1.0,1.0,0.7,0.7,1.2,0.9,0.0,0.9,1.4,1.0,0.7,29.9,86.1,0.6,0.8,0.0
293,Bernd Leno,0.0,0.0,0.1,0.0,0.7,0.0,0.0,1.0,0.0,0.0,0.0,0.0,0.0,0.1,0.0,0.0,0.0,0.0,0.0,28.5,76.8,0.0,3.2,0.0
294,Luka Milivojevic,2.1,1.1,1.2,0.0,1.5,1.1,0.2,0.0,1.0,1.0,0.6,0.7,0.3,1.1,0.0,0.6,0.4,1.0,0.7,41.7,83.0,0.5,2.4,0.0
295,Aaron Ramsdale,0.0,0.1,0.0,0.0,0.9,0.0,0.0,0.0,0.0,0.0,0.0,0.1,0.1,0.1,0.0,0.0,0.1,0.0,0.1,26.8,43.4,0.0,7.4,0.0
296,Nathan Redmond,1.0,0.4,1.1,0.0,0.3,0.6,0.1,0.0,2.0,3.0,1.6,1.0,1.3,0.5,0.1,1.3,1.4,3.0,1.0,24.0,76.8,0.1,0.7,0.0
297,Joel Ward,1.7,1.6,1.2,0.5,3.1,0.7,0.3,0.0,0.0,1.0,0.1,0.3,0.5,0.5,0.0,0.3,0.9,1.0,0.3,31.5,71.9,0.1,1.3,0.0
298,Rúnar Alex Rúnarsson,0.0,0.0,0.0,0.0,0.0,0.0,0.0,0.0,0.0,0.0,0.0,0.0,0.0,0.0,0.0,0.0,0.0,0.0,0.0,9.0,55.6,0.0,0.0,0.0
299,Kasper Schmeichel,0.0,0.0,0.0,0.0,0.4,0.0,0.0,1.0,0.0,0.0,0.0,0.0,0.0,0.1,0.0,0.0,0.0,0.0,0.0,28.1,70.4,0.0,6.4,0.0
300,Kean Bryan,1.5,1.0,1.0,0.5,2.7,0.8,0.8,1.0,1.0,0.0,0.2,0.3,0.2,0.2,0.0,0.1,0.8,0.0,0.3,34.4,70.9,0.2,2.2,0.0
301,Ivan Cavaleiro,0.6,0.5,0.8,0.1,0.4,0.6,0.0,0.0,3.0,0.0,1.3,1.2,1.5,0.8,0.3,1.4,2.8,0.0,1.2,20.1,76.2,0.8,0.7,0.0
302,Alex Iwobi,0.9,0.5,0.4,0.0,0.4,0.4,0.0,0.0,1.0,2.0,0.5,0.5,1.5,0.4,0.0,0.9,1.4,2.0,0.5,19.8,83.0,0.3,0.8,0.0
303,Juan Mata,0.1,0.3,0.1,0.0,0.3,0.8,0.0,0.0,1.0,2.0,0.6,0.9,0.2,0.4,0.2,0.7,0.8,2.0,0.9,31.8,85.7,0.4,0.7,0.1
304,Jayden Bogle,2.1,0.9,0.9,0.1,1.1,1.2,0.3,0.0,2.0,0.0,1.1,0.3,0.7,0.6,0.1,1.1,1.3,0.0,0.3,19.5,76.0,0.1,0.3,0.0
305,Conor Coady,0.9,0.7,0.6,0.6,3.5,0.4,0.9,0.0,1.0,0.0,0.2,0.1,0.2,0.3,0.0,0.1,0.2,0.0,0.1,50.2,88.0,0.0,6.7,0.0
306,Jack Stephens,1.9,1.6,0.4,0.8,3.2,1.2,0.8,0.0,0.0,0.0,0.3,0.3,0.1,0.5,0.0,0.3,0.7,0.0,0.3,57.1,81.2,0.0,3.3,0.0
307,Bobby De Cordova-Reid,0.9,0.6,1.2,0.1,1.0,0.6,0.2,0.0,5.0,2.0,1.0,0.4,0.8,0.6,0.1,0.7,1.5,2.0,0.4,23.0,77.5,0.2,0.8,0.0
308,Marvelous Nakamba,1.7,1.3,0.6,0.0,0.6,0.4,0.4,0.0,0.0,0.0,0.2,0.2,0.3,0.8,0.0,0.2,0.6,0.0,0.2,21.9,84.2,0.0,0.6,0.0
309,Darren Randolph,0.0,0.0,0.0,0.0,1.3,0.0,0.0,0.0,0.0,0.0,0.0,0.0,0.0,0.3,0.0,0.0,0.0,0.0,0.0,20.3,50.8,0.0,5.0,0.0
310,Olivier Giroud,0.2,0.3,0.9,0.0,0.6,0.4,0.1,0.0,4.0,0.0,1.7,0.4,0.1,0.4,0.4,0.4,1.0,0.0,0.4,12.9,70.3,0.1,0.1,0.0
311,Jordan Ayew,1.1,0.5,1.4,0.0,0.3,0.8,0.1,0.0,1.0,3.0,0.8,0.4,1.6,1.9,0.2,1.8,2.5,3.0,0.4,19.2,81.0,0.1,0.3,0.0
312,Mateusz Klich,1.1,0.3,1.3,0.0,0.4,1.3,0.1,0.0,4.0,5.0,1.0,1.3,0.4,0.6,0.2,0.6,1.1,5.0,1.3,41.9,82.3,0.3,1.5,0.0
313,John Fleck,1.6,0.9,1.1,0.0,0.3,1.8,0.1,0.0,0.0,2.0,0.5,1.1,1.0,0.9,0.0,0.8,1.0,2.0,1.1,36.7,82.9,0.7,1.3,0.0
314,Robbie Brady,1.2,0.5,1.1,0.0,1.3,1.2,0.0,0.0,1.0,1.0,0.8,0.4,0.6,0.5,0.1,0.5,0.9,1.0,0.4,18.5,69.2,0.4,1.3,0.0
315,Jack Cork,1.6,1.0,1.3,0.1,1.2,1.3,0.3,0.0,0.0,0.0,0.3,0.5,0.3,0.8,0.0,0.8,0.9,0.0,0.5,31.3,83.8,0.1,1.1,0.0
316,Robert Snodgrass,2.1,0.1,1.0,0.1,1.5,0.8,0.3,0.0,0.0,0.0,0.5,0.4,0.5,1.6,0.1,0.5,1.0,0.0,0.4,16.5,78.8,0.4,0.5,0.0
317,Dara O'Shea,1.6,1.6,0.5,0.4,3.5,0.9,0.6,0.0,0.0,0.0,0.1,0.2,0.2,0.6,0.0,0.1,0.4,0.0,0.2,28.9,63.6,0.0,3.2,0.0
318,David Luiz,0.6,0.8,0.8,0.2,2.5,0.0,0.5,0.0,1.0,0.0,0.8,0.1,0.2,0.3,0.1,0.1,0.2,0.0,0.1,50.0,83.5,0.0,3.6,0.1
319,Ruben Loftus-Cheek,0.8,0.2,0.9,0.0,0.5,0.5,0.1,0.0,1.0,0.0,1.2,0.6,1.3,1.7,0.1,1.4,2.4,0.0,0.6,23.6,80.7,0.1,0.3,0.0
320,Aleksandar Mitrovic,0.3,0.1,0.8,0.0,0.3,0.2,0.1,0.0,3.0,3.0,2.2,0.9,0.3,0.9,0.1,0.6,2.2,3.0,0.9,14.0,73.5,0.1,0.3,0.1
321,Rui Patrício,0.0,0.0,0.0,0.0,0.2,0.0,0.0,0.0,0.0,0.0,0.0,0.0,0.0,0.0,0.0,0.0,0.0,0.0,0.0,17.9,62.5,0.0,4.7,0.0
322,Alex McCarthy,0.0,0.0,0.0,0.0,0.7,0.1,0.0,0.0,0.0,0.0,0.0,0.0,0.1,0.1,0.0,0.0,0.0,0.0,0.0,31.3,61.0,0.0,4.8,0.0
323,Steven Bergwijn,0.7,0.2,1.0,0.0,0.3,0.6,0.0,0.0,1.0,3.0,0.7,0.6,1.0,0.8,0.0,0.7,1.4,3.0,0.6,19.8,83.7,0.0,0.1,0.0
324,Neco Williams,1.0,1.0,0.5,0.2,0.7,0.7,0.2,0.0,0.0,0.0,0.3,0.5,0.8,1.0,0.0,0.5,0.2,0.0,0.5,26.2,79.6,0.2,0.5,0.0
325,Dele Alli,1.2,0.5,0.7,0.0,0.2,0.8,0.0,0.0,0.0,1.0,0.8,0.6,0.7,0.8,0.1,1.1,0.9,1.0,0.6,22.0,81.8,0.1,0.3,0.1
326,Jóhann Gudmundsson,0.9,0.8,0.5,0.0,0.8,0.5,0.1,0.0,2.0,0.0,0.9,0.4,0.5,0.7,0.0,0.5,0.8,0.0,0.4,19.9,79.6,0.2,1.0,0.0
327,Oliver Norwood,1.5,1.1,0.8,0.0,1.5,1.6,0.4,0.0,0.0,0.0,0.3,1.0,0.1,0.3,0.0,0.2,0.5,0.0,1.0,43.9,83.4,1.0,3.5,0.0
328,Cédric Soares,1.2,0.8,0.6,0.1,1.4,1.5,0.1,0.0,0.0,1.0,0.7,0.6,0.5,0.5,0.0,0.9,1.0,1.0,0.6,36.4,76.4,0.8,0.9,0.0
329,Ainsley Maitland-Niles,1.5,1.1,0.7,0.1,1.4,1.3,0.1,0.0,0.0,0.0,0.7,0.3,1.1,0.9,0.0,1.6,2.1,0.0,0.3,26.5,77.6,0.1,1.1,0.0
330,Joe Gomez,0.4,0.6,0.9,0.3,4.0,0.6,0.3,0.0,0.0,0.0,0.0,0.1,0.6,0.9,0.0,0.4,0.3,0.0,0.1,79.4,89.7,0.0,5.6,0.0
331,James Milner,1.0,0.5,0.7,0.0,0.5,0.8,0.1,0.0,0.0,1.0,0.5,0.5,0.2,0.4,0.0,0.5,0.5,1.0,0.5,33.0,85.6,0.4,1.1,0.0
332,Emil Krafth,1.2,0.9,0.8,0.4,2.9,0.8,0.6,0.0,1.0,0.0,0.4,0.4,0.2,0.6,0.1,0.3,0.6,0.0,0.4,28.4,74.9,0.2,1.2,0.0
333,David de Gea,0.0,0.0,0.0,0.0,0.5,0.0,0.0,0.0,0.0,0.0,0.0,0.0,0.0,0.1,0.0,0.0,0.0,0.0,0.0,19.3,75.4,0.0,3.2,0.0
334,Cengiz Ünder,0.4,0.2,0.1,0.0,0.0,0.2,0.0,0.0,0.0,2.0,1.0,0.7,1.7,0.3,0.2,1.0,0.9,2.0,0.7,12.3,77.5,0.3,0.2,0.0
335,Patrick van Aanholt,1.6,1.4,0.5,0.0,1.5,1.1,0.3,0.0,0.0,1.0,0.8,0.5,0.5,0.1,0.1,0.3,1.1,1.0,0.5,43.3,80.1,0.4,1.4,0.0
336,Max Lowe,3.3,0.6,1.3,0.1,0.8,1.5,0.5,0.0,0.0,0.0,0.3,0.3,0.9,0.4,0.0,0.5,1.0,0.0,0.3,21.5,72.7,0.1,0.6,0.0
337,Ashley Barnes,0.5,0.2,2.1,0.0,0.5,0.5,0.1,0.0,3.0,0.0,1.7,0.9,0.0,2.2,0.8,1.0,2.0,0.0,0.9,13.8,61.8,0.0,0.3,0.0
338,Jonny,1.6,1.3,1.0,0.3,1.0,1.0,0.3,0.0,0.0,0.0,0.1,0.3,0.4,1.6,0.0,1.0,1.1,0.0,0.3,26.1,76.5,0.0,0.3,0.0
339,Tom Davies,1.2,1.4,1.0,0.0,0.8,0.9,0.4,0.0,0.0,1.0,0.3,0.2,0.7,1.0,0.0,0.4,0.8,1.0,0.2,27.9,81.2,0.1,1.4,0.0
340,André Gomes,1.3,0.4,1.3,0.0,0.4,1.5,0.0,0.0,0.0,1.0,0.5,0.5,1.1,0.5,0.1,1.1,1.1,1.0,0.5,31.3,85.3,0.1,2.0,0.0
341,Vicente Guaita,0.0,0.0,0.0,0.0,0.9,0.0,0.0,0.0,0.0,0.0,0.0,0.0,0.0,0.2,0.0,0.0,0.0,0.0,0.0,24.9,49.6,0.0,6.8,0.0
342,Rúben Vinagre,3.5,1.0,1.0,0.0,2.0,0.5,0.0,0.0,0.0,0.0,0.0,0.5,1.0,0.0,0.0,3.0,0.5,0.0,0.5,40.0,86.3,1.0,1.0,0.0
343,Adam Lallana,0.9,0.5,0.6,0.0,0.4,1.0,0.1,0.0,1.0,1.0,0.7,0.8,0.6,0.7,0.1,0.5,0.8,1.0,0.8,30.8,85.0,0.1,0.6,0.0
344,Virgil van Dijk,0.6,1.0,0.8,1.2,1.6,0.0,0.2,0.0,1.0,0.0,0.8,0.0,0.0,0.4,0.2,0.0,0.2,0.0,0.0,68.2,90.0,0.0,5.6,0.0
345,Moussa Sissoko,0.9,0.9,0.9,0.0,0.9,0.5,0.2,0.0,0.0,0.0,0.1,0.2,0.7,0.4,0.0,0.6,0.7,0.0,0.2,30.4,84.4,0.0,1.2,0.0
346,Willian José,0.1,0.1,0.5,0.0,0.7,0.2,0.1,0.0,1.0,0.0,1.1,0.7,0.5,0.6,0.1,0.8,1.7,0.0,0.7,17.5,81.2,0.1,1.0,0.0
347,Ainsley Maitland-Niles,1.0,1.3,0.5,0.1,0.5,0.4,0.2,0.0,0.0,0.0,0.2,0.2,0.5,0.3,0.2,0.6,0.9,0.0,0.2,22.8,78.1,0.2,0.9,0.0
348,Marçal,1.0,0.9,0.9,0.1,1.5,0.4,0.2,0.0,0.0,0.0,0.2,0.3,0.5,0.2,0.0,0.2,0.5,0.0,0.3,23.2,82.7,0.1,1.5,0.0
349,Alexis Mac Allister,1.2,0.4,0.9,0.0,0.1,1.3,0.2,0.0,1.0,1.0,1.1,0.7,0.8,0.7,0.0,0.8,1.3,1.0,0.7,18.9,80.8,0.0,0.8,0.0
350,Erik Pieters,1.5,0.6,1.3,0.3,1.4,1.0,0.5,1.0,0.0,1.0,0.2,0.3,0.3,1.1,0.1,0.5,0.6,1.0,0.3,23.6,74.4,0.0,1.4,0.0
351,Ryan Fredericks,0.6,0.8,0.8,0.1,1.4,0.3,0.1,0.0,1.0,1.0,0.3,0.9,0.2,0.7,0.1,0.2,0.2,1.0,0.9,16.1,77.0,0.4,0.1,0.0
352,Daniel Jebbison,1.5,0.3,1.5,0.0,0.0,1.0,0.3,0.0,1.0,0.0,1.0,0.3,0.5,1.0,0.3,1.3,2.0,0.0,0.3,8.8,68.6,0.0,0.3,0.0
353,John Ruddy,0.0,0.0,0.0,0.0,0.0,0.0,0.0,0.0,0.0,0.0,0.0,0.0,0.0,0.0,0.0,0.0,0.0,0.0,0.0,7.0,64.3,0.0,1.5,0.0
354,Tyler Roberts,0.6,0.3,0.9,0.0,0.4,0.6,0.1,0.0,1.0,2.0,1.0,0.6,0.6,1.2,0.3,0.6,1.2,2.0,0.6,17.1,71.6,0.1,0.5,0.1
355,Sander Berge,1.1,0.3,0.9,0.1,1.2,0.5,0.1,0.0,1.0,1.0,0.7,0.9,1.3,0.3,0.1,0.9,1.6,1.0,0.9,29.1,85.6,0.1,1.0,0.0
356,Mohamed Elneny,0.6,1.0,0.4,0.0,0.9,0.9,0.2,0.0,1.0,0.0,0.4,0.2,0.2,0.4,0.0,0.2,0.3,0.0,0.2,44.0,93.0,0.0,1.6,0.0
357,Takumi Minamino,0.7,0.4,0.7,0.0,0.9,1.7,0.1,0.0,2.0,0.0,1.3,0.5,0.4,1.1,0.1,0.6,1.6,0.0,0.5,24.9,73.5,0.0,0.7,0.0
358,Theo Corbeanu,2.0,1.0,0.0,0.0,0.0,0.0,0.0,0.0,0.0,0.0,0.0,1.0,0.0,0.0,0.0,0.0,2.0,0.0,1.0,2.0,100.0,1.0,0.0,0.0
359,Ryan Bertrand,2.1,1.0,1.0,0.2,1.3,0.6,0.0,0.0,0.0,1.0,0.3,0.5,0.1,1.2,0.1,0.3,0.9,1.0,0.5,41.3,79.6,0.5,0.8,0.0
360,Dennis Praet,0.9,0.5,0.8,0.0,0.2,0.6,0.1,0.0,1.0,1.0,0.5,0.5,0.4,0.1,0.0,0.6,0.7,1.0,0.5,19.6,82.7,0.3,0.4,0.0
361,Steven Alzate,1.1,0.5,1.3,0.0,0.6,0.6,0.1,0.0,1.0,0.0,0.5,0.7,0.5,0.4,0.1,0.6,0.9,0.0,0.7,29.1,89.9,0.1,1.5,0.0
362,Bernard,0.7,0.7,0.5,0.0,0.4,0.7,0.0,0.0,1.0,0.0,0.5,0.8,0.8,0.6,0.0,0.9,1.3,0.0,0.8,21.0,84.9,0.3,0.7,0.0
363,Grady Diangana,1.8,0.8,0.6,0.0,0.4,1.2,0.1,0.0,1.0,0.0,0.7,0.3,1.3,1.8,0.2,1.9,2.6,0.0,0.3,16.8,76.2,0.1,0.3,0.0
364,Callum Robinson,0.3,0.3,0.1,0.0,0.3,0.6,0.0,0.0,5.0,0.0,1.1,0.6,0.5,0.7,0.3,0.9,1.4,0.0,0.6,13.9,74.9,0.2,0.4,0.0
365,Manuel Lanzini,0.5,0.4,0.4,0.0,0.3,0.4,0.0,0.0,1.0,1.0,0.7,0.6,0.4,0.6,0.2,0.5,0.8,1.0,0.6,21.8,90.5,0.1,0.5,0.0
366,Eric Bailly,0.4,1.1,0.8,0.3,3.0,0.1,0.9,0.0,0.0,0.0,0.2,0.0,0.3,0.3,0.0,0.0,0.6,0.0,0.0,46.8,88.3,0.0,1.7,0.0
367,Daniel Amartey,0.8,0.9,0.2,0.3,1.8,0.3,0.3,0.0,1.0,0.0,0.2,0.0,0.1,0.1,0.0,0.2,0.4,0.0,0.0,34.9,86.3,0.0,1.2,0.0
368,Takumi Minamino,0.4,0.2,0.4,0.0,0.3,1.3,0.0,0.0,1.0,0.0,0.8,0.0,0.8,0.2,0.1,0.6,0.8,0.0,0.0,15.3,79.7,0.0,0.1,0.0
369,Ben Osborn,1.4,0.5,0.4,0.0,0.5,1.1,0.1,0.0,1.0,0.0,0.4,0.7,0.8,0.6,0.2,1.0,1.8,0.0,0.7,31.0,81.0,0.7,0.8,0.0
370,Semi Ajayi,1.2,1.3,0.8,0.4,3.6,0.5,1.0,0.0,2.0,0.0,0.4,0.2,0.3,0.1,0.0,0.2,0.7,0.0,0.2,28.4,73.2,0.0,1.8,0.0
371,Sam Field,1.7,0.7,0.7,0.0,1.0,0.0,0.3,0.0,0.0,0.0,0.0,0.0,0.3,0.3,0.0,0.3,0.7,0.0,0.0,8.0,62.5,0.0,0.3,0.0
372,Tim Ream,1.7,0.9,0.4,0.1,3.3,0.4,0.7,0.0,0.0,0.0,0.0,0.0,0.1,0.0,0.0,0.1,0.3,0.0,0.0,66.9,90.6,0.0,3.7,0.0
373,Percy Tau,0.3,0.0,0.0,0.0,0.0,0.7,0.0,0.0,0.0,1.0,0.0,1.0,1.0,0.3,0.0,0.3,1.7,1.0,1.0,10.3,77.4,0.0,0.0,0.3
374,Xherdan Shaqiri,0.5,0.1,0.8,0.0,0.0,0.4,0.0,0.0,0.0,2.0,0.8,1.4,0.4,0.4,0.0,0.5,0.9,2.0,1.4,28.5,87.2,0.5,0.9,0.1
375,Joe Bryan,0.9,0.9,0.6,0.1,0.7,0.3,0.1,0.0,1.0,0.0,0.5,0.3,0.9,0.4,0.0,0.2,0.8,0.0,0.3,19.6,75.2,0.4,0.8,0.1
376,Phil Bardsley,1.5,1.5,2.0,0.3,3.0,0.8,0.3,0.0,0.0,0.0,0.8,0.0,0.8,1.0,0.0,0.3,0.3,0.0,0.0,27.3,64.2,0.5,1.3,0.0
377,Josh Maja,0.5,0.3,0.5,0.0,0.1,0.4,0.1,0.0,3.0,0.0,1.4,0.5,0.5,0.5,0.1,0.9,1.7,0.0,0.5,12.0,85.0,0.0,0.2,0.0
378,Fabian Schär,0.7,1.5,1.2,0.3,2.8,0.7,0.7,0.0,1.0,0.0,0.7,0.0,0.4,0.8,0.1,0.3,0.2,0.0,0.0,32.3,77.1,0.0,3.5,0.0
379,Enda Stevens,2.0,0.7,1.1,0.3,2.5,0.8,0.4,0.0,0.0,1.0,0.5,0.6,0.7,0.3,0.1,1.0,1.5,1.0,0.6,39.5,78.1,0.4,1.9,0.0
380,James Tomkins,0.5,0.5,0.4,0.4,5.4,0.1,0.4,0.0,0.0,0.0,0.3,0.1,0.0,0.1,0.0,0.0,0.4,0.0,0.1,22.8,76.9,0.0,1.5,0.0
381,Ben Johnson,0.8,0.8,0.4,0.0,0.4,0.1,0.1,0.0,1.0,0.0,0.2,0.3,0.3,0.2,0.0,0.4,0.3,0.0,0.3,13.1,72.3,0.2,0.6,0.0
382,Morgan Gibbs-White,0.8,0.3,0.5,0.0,0.1,0.6,0.0,0.0,1.0,0.0,0.9,0.7,0.7,0.9,0.1,0.5,1.6,0.0,0.7,20.2,86.0,0.0,0.8,0.0
383,Ryan Fraser,0.2,0.3,0.3,0.0,0.3,0.2,0.0,0.0,0.0,2.0,0.7,1.4,0.2,1.1,0.0,0.3,0.7,2.0,1.4,14.6,79.4,1.4,0.2,0.0
384,Javier Manquillo,1.8,0.7,0.5,0.1,1.1,0.5,0.1,0.0,0.0,0.0,0.1,0.4,0.1,0.6,0.0,0.5,1.2,0.0,0.4,22.3,75.9,0.5,0.8,0.0
385,Carlos Vinícius,0.3,0.2,1.2,0.0,0.6,0.0,0.0,0.0,1.0,0.0,0.8,0.2,0.3,0.3,0.2,0.8,1.9,0.0,0.2,5.1,52.2,0.0,0.1,0.0
386,Filip Krovinovic,1.2,0.4,0.5,0.0,0.2,1.1,0.0,0.0,0.0,0.0,0.7,0.5,0.7,1.1,0.0,0.5,1.1,0.0,0.5,32.7,83.3,0.5,1.4,0.0
387,Harry Winks,1.1,0.7,0.7,0.0,0.7,1.0,0.3,0.0,0.0,0.0,0.3,0.3,0.3,0.8,0.0,0.2,0.4,0.0,0.3,45.4,84.9,0.1,1.7,0.0
388,Moussa Djenepo,1.9,0.4,1.1,0.0,0.4,1.3,0.1,0.0,1.0,0.0,0.5,0.2,1.0,1.4,0.1,0.6,1.8,0.0,0.2,14.1,72.8,0.0,0.3,0.0
389,Nampalys Mendy,1.1,0.6,0.9,0.0,0.3,0.6,0.0,0.0,0.0,1.0,0.2,0.2,0.3,1.3,0.0,0.5,0.8,1.0,0.2,42.3,91.0,0.0,1.1,0.0
390,Matej Vydra,0.3,0.2,0.2,0.0,0.2,0.3,0.0,0.0,3.0,2.0,1.3,0.5,0.6,0.5,0.4,0.8,1.9,2.0,0.5,8.4,71.2,0.0,0.1,0.0
391,Sean Longstaff,1.4,0.9,1.0,0.0,0.6,1.1,0.2,0.0,0.0,1.0,0.7,0.5,0.2,1.0,0.0,0.3,0.8,1.0,0.5,25.4,81.5,0.3,2.3,0.0
392,Erik Lamela,0.7,0.3,1.0,0.0,0.0,0.6,0.0,0.0,1.0,0.0,0.9,0.4,1.1,0.4,0.0,0.6,0.9,0.0,0.4,14.7,83.1,0.1,0.3,0.0
393,Keinan Davis,0.1,0.0,0.3,0.0,0.1,0.1,0.0,0.0,1.0,1.0,0.6,0.4,0.6,0.3,0.0,0.3,0.7,1.0,0.4,4.9,74.0,0.1,0.1,0.0
394,Ki-Jana Hoever,1.2,0.8,0.3,0.1,1.8,1.0,0.0,0.0,0.0,0.0,0.1,0.3,1.1,0.3,0.1,0.5,1.0,0.0,0.3,24.3,78.0,0.2,0.9,0.0
395,Jack O'Connell,1.5,1.0,0.0,0.5,3.5,0.5,1.5,0.0,0.0,0.0,0.0,0.0,0.0,0.0,0.5,0.0,1.0,0.0,0.0,38.5,71.4,0.0,2.0,0.0
396,George Baldock,1.5,0.8,1.4,0.1,1.9,0.9,0.2,0.0,0.0,2.0,0.4,0.6,0.5,0.7,0.3,0.6,1.0,2.0,0.6,28.0,78.3,0.3,0.7,0.0
397,DeAndre Yedlin,1.5,1.2,0.7,0.0,2.3,1.0,0.2,0.0,0.0,0.0,0.3,0.5,0.2,0.7,0.2,0.2,1.2,0.0,0.5,22.5,64.4,0.2,1.2,0.0
398,Owen Otasowie,0.8,0.5,0.5,0.0,0.7,0.2,0.2,0.0,0.0,1.0,0.7,0.3,0.5,1.0,0.0,0.5,1.2,1.0,0.3,9.8,72.9,0.0,0.0,0.0
399,Donny van de Beek,0.8,0.3,0.3,0.0,0.3,0.4,0.1,0.0,1.0,1.0,0.1,0.2,0.4,0.3,0.0,0.4,0.6,1.0,0.2,14.4,86.1,0.0,0.3,0.0
400,Matt Phillips,0.5,0.3,0.9,0.0,0.8,0.5,0.1,0.0,2.0,1.0,0.7,0.8,0.7,0.2,0.2,0.8,1.6,1.0,0.8,14.5,74.3,0.6,0.4,0.0
401,Ross Barkley,0.0,0.0,1.0,0.0,0.0,0.0,0.0,0.0,0.0,0.0,0.5,0.5,0.5,1.0,0.5,0.5,1.0,0.0,0.5,13.5,85.2,0.0,2.0,0.0
402,Jairo Riedewald,1.0,0.9,0.6,0.0,0.7,0.6,0.2,0.0,2.0,0.0,0.2,0.4,0.4,0.2,0.0,0.3,0.8,0.0,0.4,19.1,85.6,0.0,0.5,0.0
403,Jamal Lewis,1.5,0.5,0.8,0.5,1.5,0.9,0.3,0.0,0.0,1.0,0.1,0.6,0.5,0.7,0.0,0.5,0.7,1.0,0.6,27.1,77.1,0.5,1.3,0.0
404,Nathaniel Clyne,1.3,1.4,0.3,0.2,1.6,0.5,0.2,0.0,0.0,1.0,0.3,0.3,0.3,0.2,0.0,0.2,0.6,1.0,0.3,34.1,76.3,0.4,1.2,0.0
405,Jeff Hendrick,0.4,0.9,0.7,0.0,0.6,0.5,0.4,0.0,2.0,1.0,0.5,0.3,0.4,0.5,0.1,0.7,0.6,1.0,0.3,24.5,80.1,0.1,1.3,0.0
406,Eddie Nketiah,0.2,0.0,0.6,0.0,0.3,0.1,0.0,0.0,2.0,1.0,0.7,0.5,0.4,0.6,0.0,0.3,0.8,1.0,0.5,5.4,82.4,0.1,0.0,0.0
407,Michy Batshuayi,0.3,0.2,0.7,0.0,0.3,0.4,0.1,0.0,2.0,1.0,0.7,0.5,0.6,0.3,0.6,1.2,1.4,1.0,0.5,9.3,71.3,0.1,0.1,0.0
408,Hélder Costa,1.1,0.1,0.9,0.0,0.2,1.0,0.0,1.0,3.0,3.0,0.7,0.4,0.9,0.8,0.1,0.9,2.0,3.0,0.4,13.8,76.6,0.1,0.1,0.0
409,Billy Gilmour,0.8,0.6,0.4,0.0,0.2,1.0,0.4,0.0,0.0,0.0,0.2,0.6,0.2,0.4,0.0,0.0,0.4,0.0,0.6,45.0,88.0,0.0,1.2,0.0
410,Kevin Long,1.4,0.8,0.9,0.8,3.0,0.3,0.9,0.0,0.0,0.0,0.3,0.1,0.0,0.3,0.0,0.0,0.1,0.0,0.1,33.1,71.3,0.0,2.6,0.0
411,Andy Carroll,0.2,0.0,0.7,0.0,0.8,0.4,0.0,0.0,1.0,0.0,0.8,0.1,0.1,0.6,0.2,0.2,1.0,0.0,0.1,7.6,61.8,0.0,0.3,0.0
412,Fábio Silva,0.2,0.1,0.6,0.0,0.2,0.3,0.0,0.0,4.0,3.0,1.5,0.3,0.2,0.7,0.2,0.7,1.4,3.0,0.3,10.1,72.8,0.0,0.0,0.0
413,Anthony Gordon,1.0,0.3,0.0,0.0,0.7,0.7,0.0,0.0,0.0,0.0,0.0,0.3,0.7,0.7,0.3,0.7,1.7,0.0,0.3,8.3,84.0,0.0,0.3,0.0
414,James McCarthy,1.1,0.5,0.4,0.1,0.7,0.8,0.4,0.0,0.0,0.0,0.1,0.3,0.1,0.3,0.0,0.1,0.6,0.0,0.3,20.7,76.4,0.3,1.5,0.0
415,Kieran Gibbs,1.5,1.6,0.6,0.1,2.7,0.2,0.6,0.0,0.0,0.0,0.1,0.4,0.2,0.2,0.0,0.1,0.9,0.0,0.4,26.4,74.2,0.3,1.1,0.0
416,Matthew Longstaff,0.6,1.4,0.6,0.2,0.4,1.2,0.0,0.0,0.0,0.0,0.0,0.4,0.4,1.0,0.0,0.2,0.2,0.0,0.4,27.8,82.7,0.4,0.6,0.0
417,Jean-Philippe Mateta,0.1,0.0,0.4,0.0,0.3,0.3,0.0,0.0,1.0,0.0,0.6,0.1,0.4,0.1,0.7,0.7,1.4,0.0,0.1,6.7,61.7,0.0,0.0,0.0
418,Fabian Delph,0.6,0.5,0.4,0.0,0.9,0.3,0.0,0.0,0.0,0.0,0.1,0.3,0.9,0.9,0.0,0.0,0.5,0.0,0.3,27.1,89.9,0.0,1.0,0.0
419,Jakub Moder,1.3,0.3,1.0,0.0,0.6,1.1,0.1,0.0,0.0,0.0,1.1,0.3,0.8,0.3,0.2,0.8,1.2,0.0,0.3,21.9,73.4,0.1,0.4,0.0
420,Dale Stephens,1.6,1.1,1.1,0.0,0.1,0.4,0.0,0.0,0.0,0.0,0.6,0.0,0.1,0.3,0.0,0.7,0.4,0.0,0.0,17.0,82.4,0.0,1.0,0.0
421,Aaron Connolly,0.4,0.0,0.4,0.0,0.1,0.1,0.0,0.0,2.0,1.0,1.4,0.4,0.3,0.9,0.5,0.5,1.6,1.0,0.4,5.4,78.3,0.0,0.0,0.0
422,Sead Kolasinac,0.0,1.0,1.0,0.0,0.0,0.0,0.0,0.0,0.0,0.0,0.0,0.0,0.0,1.0,0.0,0.0,0.0,0.0,0.0,62.0,87.1,0.0,1.0,0.0
423,Jay Rodriguez,0.8,0.1,1.0,0.0,0.2,0.5,0.1,0.0,1.0,2.0,1.0,0.2,0.4,0.6,0.5,0.7,1.6,2.0,0.2,8.8,73.4,0.0,0.1,0.0
424,Alireza Jahanbakhsh,0.4,0.4,0.3,0.0,0.0,0.5,0.0,0.0,0.0,1.0,0.9,0.5,0.5,0.2,0.0,0.3,0.6,1.0,0.5,11.0,77.6,0.2,0.3,0.1
425,Axel Tuanzebe,1.4,0.3,0.7,0.1,1.7,0.1,0.6,1.0,0.0,0.0,0.0,0.0,0.0,0.2,0.0,0.1,0.2,0.0,0.0,29.2,88.6,0.0,1.9,0.0
426,Sidnei Tavares,0.5,0.0,0.5,0.0,0.0,0.0,0.5,0.0,0.0,0.0,0.5,0.0,0.5,1.5,0.0,1.5,1.0,0.0,0.0,13.0,69.2,0.0,0.0,0.0
427,Oliver Burke,0.6,0.1,0.9,0.0,0.2,0.8,0.0,0.0,1.0,1.0,1.0,0.6,0.6,0.2,0.1,1.1,1.9,1.0,0.6,10.1,70.2,0.0,0.1,0.0
428,Jack Butland,0.0,0.0,0.0,0.0,0.0,0.0,0.0,0.0,0.0,0.0,0.0,0.0,0.0,0.0,0.0,0.0,0.0,0.0,0.0,19.0,21.1,0.0,3.0,0.0
429,Joseph Willock,0.9,0.4,0.9,0.0,0.0,0.6,0.1,0.0,0.0,0.0,0.6,0.3,0.6,0.6,0.0,0.4,1.9,0.0,0.3,12.4,78.2,0.0,0.1,0.0
430,Pablo Hernández,0.3,0.0,0.1,0.0,0.0,0.7,0.0,0.0,0.0,2.0,0.9,0.4,0.6,0.4,0.0,0.1,0.6,2.0,0.4,23.6,77.0,0.0,1.5,0.0
431,Nathan Tella,0.4,0.2,0.9,0.0,0.1,0.5,0.0,0.0,1.0,1.0,0.9,0.3,0.6,1.3,0.3,1.3,1.9,1.0,0.3,7.5,71.9,0.1,0.1,0.0
432,Vitinha,0.4,0.2,0.4,0.0,0.1,0.3,0.0,0.0,0.0,1.0,0.4,0.6,0.4,0.3,0.1,0.2,0.9,1.0,0.6,17.4,90.3,0.2,0.5,0.1
433,Davy Pröpper,0.9,0.1,0.1,0.0,0.0,0.4,0.0,0.0,0.0,0.0,0.6,0.0,0.3,0.0,0.0,0.7,0.3,0.0,0.0,13.3,75.3,0.0,0.6,0.0
434,Niall Huggins,0.0,0.0,0.0,0.0,1.0,1.0,0.0,0.0,0.0,0.0,0.0,0.0,0.0,0.0,0.0,0.0,0.0,0.0,0.0,17.0,88.2,0.0,0.0,0.0
435,Ruben Loftus-Cheek,0.0,0.0,1.0,0.0,0.0,0.0,0.0,0.0,0.0,0.0,0.0,0.0,0.0,2.0,0.0,1.0,2.0,0.0,0.0,17.0,64.7,0.0,0.0,0.0
436,John Lundstram,0.9,0.5,0.9,0.1,0.8,1.2,0.3,0.0,0.0,2.0,0.7,0.7,0.5,0.7,0.0,0.7,1.0,2.0,0.7,35.7,84.2,0.4,1.8,0.0
437,Ian Poveda-Ocampo,0.4,0.1,0.4,0.0,0.1,0.4,0.1,0.0,0.0,0.0,0.4,0.4,0.9,0.4,0.1,1.1,0.9,0.0,0.4,7.9,75.7,0.1,0.3,0.0
438,Niels Nkounkou,2.0,0.0,0.5,0.0,2.0,2.5,0.0,0.0,0.0,0.0,0.5,0.0,1.0,0.0,0.0,0.5,1.5,0.0,0.0,14.0,85.7,0.5,0.5,0.0
439,Carney Chukwuemeka,1.0,0.0,1.0,0.0,0.0,1.0,0.0,0.0,0.0,0.0,0.5,0.0,0.0,0.0,0.0,0.0,0.5,0.0,0.0,4.5,66.7,0.0,0.5,0.0
440,Maxime Le Marchand,1.0,0.0,1.5,1.5,1.5,0.0,0.0,0.0,0.0,0.0,0.5,0.0,0.0,0.5,0.0,0.0,0.0,0.0,0.0,42.5,91.8,0.0,4.0,0.0
441,Ibrahima Diallo,1.3,0.5,1.0,0.0,0.5,0.3,0.0,0.0,0.0,0.0,0.3,0.4,0.5,0.5,0.0,0.7,0.9,0.0,0.4,26.7,85.0,0.0,0.7,0.0
442,Rekeem Harper,0.0,0.5,0.5,0.0,0.0,0.0,0.0,0.0,0.0,0.0,0.5,0.0,1.0,0.0,0.0,0.0,1.0,0.0,0.0,8.5,82.4,0.0,0.5,0.0
443,Branislav Ivanovic,1.1,0.6,0.8,0.5,1.9,0.5,0.4,0.0,0.0,0.0,0.3,0.1,0.0,0.3,0.1,0.0,0.1,0.0,0.1,24.4,83.9,0.0,1.1,0.0
444,Brandon Williams,0.0,0.3,0.5,0.3,1.0,0.3,0.0,0.0,0.0,0.0,0.3,0.3,0.5,0.8,0.0,0.3,0.5,0.0,0.3,30.8,84.6,0.3,0.5,0.0
445,Lee Peltier,2.3,0.3,1.0,0.0,2.8,0.0,0.3,0.0,0.0,0.0,0.0,0.3,0.3,0.0,0.0,0.0,0.8,0.0,0.3,16.3,56.9,0.5,0.3,0.0
446,William Smallbone,2.0,0.7,1.0,0.0,0.3,0.7,0.0,0.0,0.0,0.0,0.3,0.0,0.0,0.7,0.0,0.7,0.7,0.0,0.0,24.3,83.6,0.0,1.0,0.0
447,Dwight Gayle,0.1,0.1,0.3,0.0,0.1,0.4,0.1,0.0,1.0,1.0,0.9,0.3,0.1,0.3,0.2,0.1,0.4,1.0,0.3,6.0,85.2,0.1,0.0,0.0
448,Andriy Yarmolenko,0.3,0.1,0.5,0.0,0.1,0.4,0.0,0.0,0.0,1.0,0.5,0.3,0.4,0.4,0.3,0.7,0.8,1.0,0.3,9.0,83.7,0.2,0.4,0.0
449,Morgan Sanson,0.8,0.4,0.7,0.0,0.1,0.3,0.0,0.0,0.0,0.0,0.2,0.1,0.4,0.9,0.2,0.3,1.1,0.0,0.1,15.3,84.8,0.1,0.7,0.0
450,Reiss Nelson,0.5,0.5,1.0,0.0,0.5,0.0,0.0,0.0,0.0,0.0,0.5,0.0,0.5,0.5,0.0,1.0,0.0,0.0,0.0,8.5,82.4,1.0,1.0,0.0
451,Billy Sharp,0.3,0.0,0.9,0.0,0.1,0.4,0.0,0.0,3.0,0.0,0.6,0.3,0.3,0.9,0.7,1.0,1.1,0.0,0.3,7.0,75.0,0.1,0.0,0.1
452,Jacob Ramsey,0.5,0.2,0.6,0.0,0.2,0.5,0.3,0.0,0.0,0.0,0.5,0.3,0.3,0.5,0.1,0.5,0.6,0.0,0.3,10.0,86.0,0.1,0.5,0.0
453,Antwoine Hackford,0.0,0.0,0.0,0.0,0.0,0.0,0.0,0.0,0.0,0.0,1.0,0.0,0.0,0.0,0.0,0.0,0.0,0.0,0.0,1.0,100.0,0.0,0.0,0.0
454,Divock Origi,0.3,0.1,0.0,0.0,0.2,0.2,0.1,0.0,0.0,0.0,0.8,0.2,0.0,0.1,0.0,0.6,0.4,0.0,0.2,6.2,80.4,0.1,0.0,0.0
455,Hamza Choudhury,0.8,0.4,0.6,0.0,0.7,0.6,0.1,0.0,0.0,0.0,0.4,0.0,0.0,0.2,0.0,0.0,0.6,0.0,0.0,23.5,80.9,0.0,0.6,0.0
456,Kamil Grosicki,0.7,0.7,0.3,0.0,0.3,2.0,0.0,0.0,0.0,1.0,1.0,1.0,0.0,0.0,0.0,0.3,0.7,1.0,1.0,13.3,75.0,0.0,0.7,0.0
457,Alex Oxlade Chamberlain,0.3,0.2,0.2,0.0,0.0,0.2,0.0,0.0,1.0,1.0,0.6,0.2,0.1,0.1,0.0,0.4,0.5,1.0,0.2,10.1,79.4,0.0,0.7,0.0
458,Jamie Shackleton,0.8,0.7,0.2,0.0,0.2,0.5,0.1,0.0,0.0,0.0,0.0,0.2,0.2,0.2,0.1,0.1,0.5,0.0,0.2,14.8,89.6,0.1,0.2,0.0
459,Mark Noble,0.4,0.6,0.4,0.0,0.1,0.5,0.1,0.0,0.0,0.0,0.0,0.2,0.1,0.4,0.0,0.3,0.2,0.0,0.2,20.5,88.6,0.1,1.3,0.0
460,Shkodran Mustafi,0.3,0.0,0.3,0.0,1.0,0.0,0.0,0.0,0.0,0.0,0.0,0.0,0.0,0.0,0.0,0.0,0.0,0.0,0.0,16.3,87.8,0.0,0.7,0.0
461,Rhian Brewster,0.3,0.2,0.7,0.0,0.1,0.4,0.1,0.0,0.0,0.0,0.9,0.4,0.3,0.5,0.1,0.7,0.7,0.0,0.4,7.7,74.4,0.1,0.3,0.1
462,Kepa Arrizabalaga,0.0,0.0,0.0,0.0,0.6,0.1,0.0,0.0,0.0,0.0,0.0,0.0,0.0,0.0,0.0,0.0,0.3,0.0,0.0,29.3,78.5,0.0,5.1,0.0
463,Demarai Gray,1.0,0.0,0.0,0.0,0.0,0.0,0.0,0.0,0.0,0.0,1.0,0.0,0.0,0.0,0.0,0.0,1.0,0.0,0.0,9.0,77.8,0.0,1.0,0.0
464,Hannibal Mejbri,0.0,0.0,0.0,0.0,0.0,0.0,0.0,0.0,0.0,0.0,0.0,0.0,1.0,1.0,0.0,0.0,0.0,0.0,0.0,3.0,100.0,0.0,0.0,0.0
465,Nathan Broadhead,1.0,0.0,0.0,0.0,0.0,0.0,0.0,0.0,0.0,0.0,0.0,0.0,0.0,0.0,0.0,0.0,0.0,0.0,0.0,2.0,100.0,0.0,0.0,0.0
466,Jake Livermore,1.8,0.9,1.7,0.0,1.3,0.9,0.3,1.0,0.0,0.0,0.3,0.3,0.1,0.4,0.0,0.4,0.8,0.0,0.3,21.3,71.0,0.1,0.9,0.0
467,Charlie Austin,0.8,0.6,0.0,0.0,0.8,0.4,0.0,0.0,0.0,0.0,0.6,0.0,0.2,0.4,0.2,0.4,0.8,0.0,0.0,6.6,69.7,0.0,0.6,0.0
468,Karlan Grant,0.2,0.2,0.4,0.0,0.7,0.1,0.0,0.0,1.0,0.0,0.8,0.1,0.4,0.6,0.3,0.8,1.5,0.0,0.1,10.3,75.1,0.0,0.1,0.0
469,Eric García,1.3,0.7,0.7,0.5,1.7,0.3,0.2,0.0,0.0,0.0,0.3,0.2,0.0,0.3,0.0,0.0,0.7,0.0,0.2,56.5,95.3,0.0,1.7,0.0
470,Yan Valery,1.7,0.7,0.3,0.0,1.7,1.3,0.0,0.0,0.0,0.0,0.7,0.3,0.0,0.3,0.0,1.7,2.0,0.0,0.3,15.0,88.9,0.7,0.3,0.0
471,Islam Slimani,0.0,0.0,0.0,0.0,0.0,0.0,0.0,0.0,0.0,0.0,1.0,1.0,0.0,0.0,0.0,0.0,1.0,0.0,1.0,9.0,66.7,0.0,0.0,0.0
472,Kyle Edwards,0.6,0.2,0.2,0.0,0.0,0.0,0.0,0.0,0.0,0.0,0.4,0.2,0.2,0.2,0.0,0.2,0.2,0.0,0.2,6.8,91.2,0.0,0.0,0.0
473,Denis Odoi,1.0,1.7,2.3,1.0,1.7,1.0,0.3,0.0,0.0,0.0,0.7,0.3,0.3,1.3,0.3,0.7,0.3,0.0,0.3,56.0,82.7,0.3,2.3,0.0
474,Hal Robson-Kanu,0.1,0.1,0.8,0.0,0.4,0.1,0.0,0.0,2.0,0.0,0.7,0.3,0.3,0.5,0.2,0.8,1.6,0.0,0.3,4.2,70.9,0.0,0.1,0.0
475,José Izquierdo,0.0,0.0,0.0,0.0,0.0,0.0,0.0,0.0,0.0,0.0,1.0,0.0,0.0,0.0,0.0,0.0,1.0,0.0,0.0,7.0,85.7,0.0,0.0,0.0
476,Andi Zeqiri,0.3,0.0,0.2,0.0,0.2,0.1,0.0,0.0,0.0,0.0,0.8,0.1,0.1,0.2,0.0,0.1,0.9,0.0,0.1,4.2,52.6,0.1,0.0,0.0
477,Neeskens Kebano,0.0,0.0,0.6,0.0,0.0,0.2,0.0,0.0,0.0,0.0,1.2,0.2,0.6,0.2,0.2,0.4,1.4,0.0,0.2,7.2,88.9,0.0,0.0,0.0
478,Mat Ryan,0.1,0.0,0.1,0.0,1.1,0.0,0.0,0.0,0.0,0.0,0.0,0.0,0.0,0.0,0.0,0.0,0.0,0.0,0.0,31.8,77.1,0.0,5.2,0.0
479,Romaine Sawyers,1.6,0.9,0.9,0.1,0.5,1.5,0.2,1.0,0.0,0.0,0.2,0.3,0.4,0.7,0.0,0.5,0.7,0.0,0.3,37.9,85.3,0.1,2.2,0.1
480,Shane Long,0.2,0.3,0.6,0.0,0.1,0.1,0.0,0.0,0.0,0.0,0.2,0.0,0.2,0.5,0.3,0.6,0.5,0.0,0.0,5.1,57.1,0.0,0.0,0.0
481,Joshua King,0.4,0.1,0.4,0.0,0.1,0.0,0.0,0.0,0.0,0.0,0.3,0.0,0.4,0.1,0.3,0.5,0.8,0.0,0.0,4.5,65.3,0.0,0.0,0.0
482,Josh Onomah,1.0,0.2,1.1,0.0,0.1,0.5,0.2,0.0,0.0,0.0,0.5,0.1,0.2,0.0,0.0,0.8,0.8,0.0,0.1,15.5,90.0,0.0,0.4,0.0
483,Marek Rodák,0.0,0.0,0.0,0.0,1.0,0.0,0.0,0.0,0.0,0.0,0.0,0.0,0.0,0.0,0.0,0.0,0.0,0.0,0.0,20.5,80.5,0.0,4.0,0.0
484,Martin Kelly,1.0,0.0,0.0,0.0,0.0,0.0,0.0,0.0,0.0,0.0,0.0,0.0,0.0,0.0,0.0,0.0,0.0,0.0,0.0,3.0,66.7,0.0,0.0,0.0
485,Wes Morgan,0.0,0.0,0.0,0.0,0.3,0.0,0.0,0.0,0.0,0.0,0.0,0.0,0.0,0.0,0.0,0.0,0.0,0.0,0.0,1.7,100.0,0.0,0.3,0.0
486,Zack Steffen,0.0,0.0,1.0,0.0,0.0,0.0,0.0,0.0,0.0,0.0,0.0,0.0,0.0,0.0,0.0,0.0,0.0,0.0,0.0,26.0,80.8,0.0,1.0,0.0
487,Michael Hector,0.8,0.0,1.3,0.3,1.5,1.3,0.5,0.0,0.0,0.0,0.3,0.3,0.8,0.8,0.0,0.0,0.8,0.0,0.3,46.5,79.0,0.0,5.0,0.0
488,Felipe Anderson,0.5,0.0,0.0,0.0,0.0,0.0,0.0,0.0,0.0,0.0,0.0,0.0,0.0,0.0,0.0,0.0,0.0,0.0,0.0,2.5,60.0,0.0,0.0,0.0
489,Mamadou Sakho,0.8,0.8,0.5,0.0,2.8,0.0,0.5,0.0,0.0,0.0,0.3,0.0,0.0,0.3,0.0,0.3,0.8,0.0,0.0,23.0,88.0,0.0,1.0,0.0
490,Caleb Watts,0.7,0.0,0.0,0.0,0.0,0.3,0.0,0.0,0.0,0.0,0.0,0.0,0.0,0.3,0.0,0.3,0.3,0.0,0.0,4.0,58.3,0.3,0.0,0.0
491,Jonjoe Kenny,0.5,0.3,0.0,0.0,0.5,0.0,0.0,0.0,0.0,0.0,0.0,0.0,0.0,0.0,0.3,0.0,0.8,0.0,0.0,10.5,83.3,0.3,0.5,0.0
492,Phil Jagielka,0.5,1.0,0.8,0.5,2.6,0.5,0.5,1.0,0.0,0.0,0.0,0.0,0.0,0.1,0.0,0.0,0.3,0.0,0.0,20.4,71.6,0.0,2.1,0.0
493,Daniel N'Lundulu,0.0,0.0,0.5,0.0,0.2,0.1,0.0,0.0,0.0,0.0,0.1,0.1,0.2,0.0,0.1,0.2,0.5,0.0,0.1,2.2,72.4,0.0,0.1,0.0
494,Leif Davis,0.0,0.5,0.5,0.0,0.0,1.5,0.0,0.0,0.0,0.0,0.0,0.0,0.0,0.0,0.0,0.5,0.5,0.0,0.0,9.5,89.5,0.0,0.5,0.0
495,Oskar Buur,0.0,0.0,0.0,0.0,0.0,2.0,0.0,0.0,0.0,0.0,0.0,0.0,0.0,0.0,0.0,1.0,0.0,0.0,0.0,14.0,92.9,0.0,0.0,0.0
496,Iliman Ndiaye,1.0,0.0,0.0,0.0,0.0,0.0,0.0,0.0,0.0,0.0,0.0,0.0,0.0,0.0,0.0,0.0,1.0,0.0,0.0,3.0,100.0,0.0,0.0,0.0
497,Thakgalo Leshabela,0.0,0.0,0.0,0.0,0.0,0.0,0.0,0.0,0.0,0.0,0.0,0.0,0.0,0.0,0.0,1.0,0.0,0.0,0.0,7.0,85.7,0.0,0.0,0.0
498,Shola Shoretire,0.0,0.0,0.0,0.0,0.0,0.0,0.0,0.0,0.0,0.0,0.0,0.0,0.0,0.0,0.0,0.0,1.0,0.0,0.0,3.0,83.3,0.0,0.0,0.0
499,Robert Snodgrass,0.0,0.0,0.0,0.0,0.0,0.0,0.0,0.0,0.0,0.0,0.0,0.0,0.0,0.3,0.0,0.0,0.0,0.0,0.0,1.3,100.0,0.0,0.0,0.0
500,Dane Scarlett,0.0,0.0,0.0,0.0,0.0,0.0,0.0,0.0,0.0,0.0,0.0,0.0,0.0,0.0,0.0,0.0,0.0,0.0,0.0,0.0,0.0,0.0,0.0,0.0
501,Elliot Anderson,0.0,0.0,0.0,0.0,0.0,0.0,0.0,0.0,0.0,0.0,0.0,0.0,0.0,0.0,0.0,0.0,0.0,0.0,0.0,1.0,100.0,0.0,0.0,0.0
502,Femi Seriki,0.0,0.0,0.0,0.0,0.0,0.0,0.0,0.0,0.0,0.0,0.0,0.0,0.0,0.0,0.0,0.0,0.0,0.0,0.0,0.0,0.0,0.0,0.0,0.0
503,Jaden Philogene-Bidace,0.0,0.0,0.0,0.0,0.0,0.0,0.0,0.0,0.0,0.0,0.0,0.0,0.0,0.0,1.0,0.0,0.0,0.0,0.0,4.0,50.0,0.0,0.0,0.0
504,Jayson Molumby,0.0,0.0,0.0,0.0,0.0,0.0,0.0,0.0,0.0,0.0,0.0,0.0,0.0,0.0,0.0,0.0,0.0,0.0,0.0,1.0,0.0,0.0,0.0,0.0
505,Jean-Philippe Gbamin,1.0,0.0,0.0,0.0,1.0,0.0,0.0,0.0,0.0,0.0,0.0,0.0,0.0,0.0,0.0,1.0,0.0,0.0,0.0,9.0,66.7,0.0,0.0,0.0
506,William Fish,0.0,0.0,0.0,0.0,0.0,0.0,0.0,0.0,0.0,0.0,0.0,0.0,0.0,0.0,0.0,0.0,0.0,0.0,0.0,0.0,0.0,0.0,0.0,0.0
507,Moise Kean,0.0,0.0,0.5,0.0,0.0,0.0,0.0,0.0,0.0,0.0,0.5,0.0,0.0,0.0,0.0,0.0,0.5,0.0,0.0,3.0,100.0,0.0,0.0,0.0
508,Lewis Richardson,0.0,0.0,0.0,0.0,0.0,0.0,0.0,0.0,0.0,0.0,0.0,0.0,0.0,0.0,0.0,0.0,0.0,0.0,0.0,0.5,0.0,0.0,0.0,0.0
509,Reda Khadra,0.0,0.0,0.0,0.0,0.0,0.0,0.0,0.0,0.0,0.0,0.0,0.0,0.0,0.0,0.0,0.0,0.0,0.0,0.0,1.0,0.0,0.0,0.0,0.0
510,Michael Obafemi,0.3,0.0,0.3,0.0,0.0,0.3,0.0,0.0,0.0,0.0,0.0,0.3,0.0,0.8,0.0,0.5,0.3,0.0,0.3,3.0,100.0,0.0,0.0,0.0
511,Wesley,0.0,0.0,0.0,0.0,0.0,0.3,0.0,0.0,0.0,0.0,0.3,0.0,0.0,0.3,0.0,0.0,0.3,0.0,0.0,1.3,100.0,0.0,0.0,0.0
512,Patrick Cutrone,0.0,0.0,0.0,0.0,0.0,0.0,0.0,0.0,0.0,0.0,0.5,0.0,0.0,0.5,0.0,0.0,0.5,0.0,0.0,1.0,0.0,0.0,0.0,0.0
513,Konstantinos Tsimikas,0.0,0.0,0.5,0.0,0.0,0.0,0.0,0.0,0.0,0.0,0.0,0.0,0.0,0.0,0.0,0.0,0.5,0.0,0.0,2.5,80.0,0.0,0.0,0.0
514,Aboubakar Kamara,0.2,0.1,0.8,0.0,0.0,0.5,0.0,0.0,0.0,0.0,0.4,0.5,0.4,0.3,0.0,0.7,1.2,0.0,0.5,10.2,75.9,0.1,0.4,0.0
515,Josh Benson,0.8,0.5,0.7,0.0,0.3,0.8,0.0,0.0,0.0,0.0,0.3,0.0,0.3,0.2,0.0,0.7,0.7,0.0,0.0,13.2,77.2,0.0,0.2,0.0
516,Liam Delap,0.0,0.0,1.0,0.0,0.0,0.0,0.0,0.0,0.0,0.0,1.0,0.0,0.0,0.0,0.0,1.0,3.0,0.0,0.0,6.0,83.3,0.0,0.0,0.0
517,Joel Mumbongo,0.0,0.0,0.3,0.0,0.0,0.0,0.0,0.0,0.0,0.0,0.0,0.0,0.0,0.5,0.3,0.3,0.3,0.0,0.0,1.3,80.0,0.0,0.0,0.0
518,Lys Mousset,0.1,0.0,0.6,0.0,0.1,0.2,0.0,0.0,0.0,0.0,0.4,0.3,0.4,0.2,0.4,0.8,1.1,0.0,0.3,4.0,77.3,0.0,0.2,0.0
519,Cenk Tosun,0.0,0.0,0.2,0.0,0.0,0.2,0.0,0.0,0.0,0.0,0.0,0.2,0.0,0.0,0.0,0.0,0.2,0.0,0.2,2.8,64.3,0.0,0.2,0.0
520,Adrián,0.0,0.0,0.0,0.0,2.0,0.0,0.0,0.0,0.0,0.0,0.0,0.0,0.0,0.0,0.0,0.0,0.0,0.0,0.0,26.7,75.0,0.0,3.3,0.0
521,Tyrese Francois,0.0,0.0,0.0,0.0,0.0,0.0,0.0,0.0,0.0,0.0,0.0,0.0,0.0,0.0,0.0,0.0,0.0,0.0,0.0,13.0,92.3,0.0,0.0,0.0
522,Theo Walcott,0.0,0.0,0.0,0.0,0.0,0.0,0.0,0.0,0.0,0.0,0.0,0.0,0.0,0.0,0.0,0.0,1.0,0.0,0.0,1.0,100.0,0.0,0.0,0.0
523,Neil Taylor,1.0,0.0,1.0,0.0,0.0,0.0,0.0,0.0,0.0,0.0,0.0,0.0,0.0,0.0,0.0,0.0,0.0,0.0,0.0,9.0,100.0,0.0,0.0,0.0
524,Jake Vokins,0.0,0.0,2.0,0.0,0.0,1.0,0.0,0.0,0.0,0.0,0.0,1.0,0.0,0.0,1.0,0.0,0.0,0.0,1.0,13.0,84.6,1.0,0.0,0.0
525,Will Norris,0.0,0.0,0.0,0.0,0.5,0.0,0.0,0.0,0.0,0.0,0.0,0.5,0.0,0.0,0.0,0.0,0.0,0.0,0.5,28.0,46.4,0.0,10.5,0.0
526,Bailey Peacock-Farrell,0.0,0.0,0.0,0.0,0.3,0.0,0.0,0.0,0.0,0.0,0.0,0.0,0.0,0.3,0.0,0.0,0.0,0.0,0.0,26.5,50.0,0.0,10.8,0.0
527,Allan Tchaptchet,0.0,0.0,0.0,0.0,0.0,0.0,0.0,0.0,0.0,0.0,0.0,0.0,0.0,0.0,0.0,0.0,1.0,0.0,0.0,1.0,0.0,0.0,0.0,0.0
528,Odion Ighalo,0.0,0.0,0.0,0.0,0.0,1.0,0.0,0.0,0.0,0.0,0.0,0.0,0.0,0.0,0.0,2.0,1.0,0.0,0.0,2.0,100.0,0.0,0.0,0.0
529,Alexandre Jankewitz,1.0,0.0,0.5,0.0,0.0,0.0,0.0,0.0,0.0,0.0,0.0,0.0,0.0,0.5,0.0,0.0,0.5,0.0,0.0,1.5,66.7,0.0,0.0,0.0
530,Willy Caballero,0.0,0.0,0.0,0.0,0.0,0.0,0.0,0.0,0.0,0.0,0.0,0.0,0.0,0.0,0.0,0.0,0.0,0.0,0.0,24.0,91.7,0.0,2.0,0.0
531,Kayne Ramsay,5.0,0.0,1.0,1.0,3.0,0.0,0.0,0.0,0.0,0.0,0.0,0.0,0.0,0.0,0.0,0.0,0.0,0.0,0.0,19.0,78.9,0.0,0.0,0.0
