,Short Name,country,matches_played,matches_played_home,matches_played_away,suspended_matches,wins,wins_home,wins_away,draws,draws_home,draws_away,losses,losses_home,losses_away,points_per_game,points_per_game_home,points_per_game_away,league_position,league_position_home,league_position_away,performance_rank,goals_scored,goals_conceded,goal_difference,total_goal_count,total_goal_count_home,total_goal_count_away,goals_scored_home,goals_scored_away,goals_conceded_home,goals_conceded_away,goal_difference_home,goal_difference_away,minutes_per_goal_scored,minutes_per_goal_scored_home,minutes_per_goal_scored_away,minutes_per_goal_conceded,minutes_per_goal_conceded_home,minutes_per_goal_conceded_away,clean_sheets,clean_sheets_home,clean_sheets_away,btts_count,btts_count_home,btts_count_away,fts_count,fts_count_home,fts_count_away,first_team_to_score_count,first_team_to_score_count_home,first_team_to_score_count_away,corners_total,corners_total_home,corners_total_away,cards_total,cards_total_home,cards_total_away,average_possession,average_possession_home,average_possession_away,shots,shots_home,shots_away,shots_on_target,shots_on_target_home,shots_on_target_away,shots_off_target,shots_off_target_home,shots_off_target_away,fouls,fouls_home,fouls_away,goals_scored_half_time,goals_scored_half_time_home,goals_scored_half_time_away,goals_conceded_half_time,goals_conceded_half_time_home,goals_conceded_half_time_away,goal_difference_half_time,goal_difference_half_time_home,goal_difference_half_time_away,leading_at_half_time,leading_at_half_time_home,leading_at_half_time_away,draw_at_half_time,draw_at_half_time_home,draw_at_half_time_away,losing_at_half_time,losing_at_half_time_home,losing_at_half_time_away,points_per_game_half_time,points_per_game_half_time_home,points_per_game_half_time_away,average_total_goals_per_match,average_total_goals_per_match_home,average_total_goals_per_match_away,goals_scored_per_match,goals_scored_per_match_home,goals_scored_per_match_away,goals_conceded_per_match,goals_conceded_per_match_home,goals_conceded_per_match_away,total_goals_per_match_half_time,total_goals_per_match_half_time_home,total_goals_per_match_half_time_away,goals_scored_per_match_half_time,goals_scored_per_match_half_time_home,goals_scored_per_match_half_time_away,goals_conceded_per_match_half_time,goals_conceded_per_match_half_time_home,goals_conceded_per_match_half_time_away,over05_count,over15_count,over25_count,over35_count,over45_count,over55_count,over05_count_home,over15_count_home,over25_count_home,over35_count_home,over45_count_home,over55_count_home,over05_count_away,over15_count_away,over25_count_away,over35_count_away,over45_count_away,over55_count_away,under05_count,under15_count,under25_count,under35_count,under45_count,under55_count,under05_count_home,under15_count_home,under25_count_home,under35_count_home,under45_count_home,under55_count_home,under05_count_away,under15_count_away,under25_count_away,under35_count_away,under45_count_away,under55_count_away,over05_percentage,over15_percentage,over25_percentage,over35_percentage,over45_percentage,over55_percentage,over05_percentage_home,over15_percentage_home,over25_percentage_home,over35_percentage_home,over45_percentage_home,over55_percentage_home,over05_percentage_away,over15_percentage_away,over25_percentage_away,over35_percentage_away,over45_percentage_away,over55_percentage_away,under05_percentage,under15_percentage,under25_percentage,under35_percentage,under45_percentage,under55_percentage,under05_percentage_home,under15_percentage_home,under25_percentage_home,under35_percentage_home,under45_percentage_home,under55_percentage_home,under05_percentage_away,under15_percentage_away,under25_percentage_away,under35_percentage_away,under45_percentage_away,under55_percentage_away,over05_count_half_time,over15_count_half_time,over25_count_half_time,over05_count_half_time_home,over15_count_half_time_home,over25_count_half_time_home,over05_count_half_time_away,over15_count_half_time_away,over25_count_half_time_away,over05_half_time_percentage,over15_half_time_percentage,over25_half_time_percentage,over05_half_time_percentage_home,over15_half_time_percentage_home,over25_half_time_percentage_home,over05_half_time_percentage_away,over15_half_time_percentage_away,over25_half_time_percentage_away,win_percentage,win_percentage_home,win_percentage_away,home_advantage_percentage,clean_sheet_percentage,clean_sheet_percentage_home,clean_sheet_percentage_away,btts_percentage,btts_percentage_home,btts_percentage_away,fts_percentage,fts_percentage_home,fts_percentage_away,first_team_to_score_percentage,first_team_to_score_percentage_home,first_team_to_score_percentage_away,clean_sheet_half_time,clean_sheet_half_time_home,clean_sheet_half_time_away,clean_sheet_half_time_percentage,clean_sheet_half_time_percentage_home,clean_sheet_half_time_percentage_away,fts_half_time,fts_half_time_home,fts_half_time_away,fts_half_time_percentage,fts_half_time_percentage_home,fts_half_time_percentage_away,btts_half_time,btts_half_time_home,btts_half_time_away,btts_half_time_percentage,btts_half_time_percentage_home,btts_half_time_percentage_away,leading_at_half_time_percentage,leading_at_half_time_percentage_home,leading_at_half_time_percentage_away,draw_at_half_time_percentage,draw_at_half_time_percentage_home,draw_at_half_time_percentage_away,losing_at_half_time_percentage,losing_at_half_time_percentage_home,losing_at_half_time_percentage_away,corners_per_match,corners_per_match_home,corners_per_match_away,cards_per_match,cards_per_match_home,cards_per_match_away,over65_corners_percentage,over75_corners_percentage,over85_corners_percentage,over95_corners_percentage,over105_corners_percentage,over115_corners_percentage,over125_corners_percentage,over135_corners_percentage,xg_for_avg_overall,xg_for_avg_home,xg_for_avg_away,xg_against_avg_overall,xg_against_avg_home,xg_against_avg_away,prediction_risk,goals_scored_min_0_to_10,goals_scored_min_11_to_20,goals_scored_min_21_to_30,goals_scored_min_31_to_40,goals_scored_min_41_to_50,goals_scored_min_51_to_60,goals_scored_min_61_to_70,goals_scored_min_71_to_80,goals_scored_min_81_to_90,goals_conceded_min_0_to_10,goals_conceded_min_11_to_20,goals_conceded_min_21_to_30,goals_conceded_min_31_to_40,goals_conceded_min_41_to_50,goals_conceded_min_51_to_60,goals_conceded_min_61_to_70,goals_conceded_min_71_to_80,goals_conceded_min_81_to_90,draw_percentage_overall,draw_percentage_home,draw_percentage_away,loss_percentage_ovearll,loss_percentage_home,loss_percentage_away,over145_corners_percentage
0,AC Milan,Italy,38,19,19,0,24,8,16,7,6,1,7,5,2,2.08,1.58,2.58,2,8,1,2,74,41,33,115,55,60,31,43,24,17,7,26,46,55,40,83,71,101,14,7,7,19,9,10,6,4,2,26,10,16,213,126,87,88,42,46,52,54,50,602,347,255,240,130,110,362,217,145,504,265,239,34,14,20,12,9,3,22,5,17,22,7,15,11,8,3,5,4,1,2.03,1.53,2.53,3.03,2.89,3.16,1.95,1.63,2.26,1.08,1.26,0.89,1.21,1.21,1.21,0.89,0.74,1.05,0.32,0.47,0.16,37,36,24,11,4,2,18,17,11,6,2,1,19,19,13,5,2,1,1,2,14,27,34,36,1,2,8,13,17,18,0,0,6,14,17,18,97,95,63,29,11,5,95,89,58,32,11,5,100,100,68,26,11,5,3,5,37,71,89,95,5,11,42,68,89,95,0,0,32,74,89,95,31,12,3,14,7,2,17,5,1,82,32,8,74,37,11,89,26,5,63,42,84,-17,37,37,37,50,47,53,16,21,11,68,53,84,27,11,16,71,58,84,11,8,3,29,42,16,7,5,2,18,26,11,58,37,79,29,42,16,13,21,5,5.61,6.63,4.58,2.32,2.21,2.42,92,87,84,71,47,39,34,26,1.8,2.06,1.53,1.43,1.3,1.57,71,7,9,9,2,12,10,6,8,11,3,5,3,1,4,9,6,4,6,18,32,5,18,26,11,13
1,Angers SCO,France,38,19,19,0,12,6,6,8,3,5,18,10,8,1.16,1.11,1.21,13,13,14,13,40,58,-18,98,47,51,20,20,27,31,-7,-11,86,86,86,59,63,55,9,3,6,17,8,9,16,8,8,13,7,6,168,84,84,67,34,33,46,49,44,438,225,213,173,85,88,265,140,125,443,247,196,22,11,11,30,14,16,-8,-3,-5,10,5,5,14,8,6,14,6,8,1.16,1.21,1.11,2.58,2.47,2.68,1.05,1.05,1.05,1.53,1.42,1.63,1.37,1.32,1.42,0.58,0.58,0.58,0.79,0.74,0.84,34,27,20,9,5,2,19,14,9,4,1,0,15,13,11,5,4,2,4,11,18,29,33,36,0,5,10,15,18,19,4,6,8,14,15,17,89,71,53,24,13,5,100,74,47,21,5,0,79,68,58,26,21,11,11,29,47,76,87,95,0,26,53,79,95,100,21,32,42,74,79,89,27,18,7,12,9,4,15,9,3,71,47,18,63,47,21,79,47,16,32,32,32,4,24,16,32,45,42,47,42,42,42,34,37,32,18,10,8,47,53,42,21,11,10,55,58,53,10,5,5,26,26,26,26,26,26,37,42,32,37,32,42,4.42,4.42,4.42,1.76,1.79,1.74,82,66,55,34,32,24,13,13,1.31,1.35,1.28,1.32,1.16,1.48,55,8,1,7,4,4,6,0,3,7,8,5,5,5,11,3,2,7,12,21,16,26,47,53,42,3
2,Arminia Bielefeld,Germany,34,17,17,0,9,6,3,8,2,6,17,9,8,1.03,1.18,0.88,15,14,16,15,26,52,-26,78,36,42,13,13,23,29,-10,-16,118,118,118,59,67,53,11,6,5,12,5,7,15,7,8,11,6,5,118,60,58,54,27,27,42,41,44,345,181,164,128,63,65,217,118,99,380,171,209,8,5,3,21,9,12,-13,-4,-9,4,2,2,20,11,9,10,4,6,0.94,1.0,0.88,2.29,2.12,2.47,0.76,0.76,0.76,1.53,1.35,1.71,0.85,0.82,0.88,0.24,0.29,0.18,0.62,0.53,0.71,30,21,14,6,5,2,16,9,6,2,2,1,14,12,8,4,3,1,4,13,20,28,29,32,1,8,11,15,15,16,3,5,9,13,14,16,88,62,41,18,15,6,94,53,35,12,12,6,82,71,47,24,18,6,12,38,59,82,85,94,6,47,65,88,88,94,18,29,53,76,82,94,15,9,4,7,4,2,8,5,2,44,26,12,41,24,12,47,29,12,26,35,18,6,32,35,29,35,29,41,44,41,47,32,35,29,23,12,11,68,71,65,28,13,15,82,76,88,2,2,0,6,12,0,12,12,12,59,65,53,29,24,35,3.47,3.53,3.41,1.59,1.59,1.59,74,59,44,35,28,21,18,15,0.9,0.92,0.86,1.61,1.53,1.69,56,1,1,3,3,4,4,3,6,1,5,5,8,1,8,9,4,4,8,24,12,35,50,53,47,9
3,Arsenal,England,38,19,19,0,18,8,10,7,4,3,13,7,6,1.61,1.47,1.74,8,9,7,8,55,39,16,94,45,49,24,31,21,18,3,13,62,71,55,87,81,95,12,4,8,17,9,8,12,8,4,18,7,11,207,116,91,57,23,34,54,54,53,496,262,234,189,97,92,307,165,142,341,187,154,26,10,16,22,7,15,4,3,1,11,3,8,17,12,5,10,4,6,1.32,1.11,1.53,2.47,2.37,2.58,1.45,1.26,1.63,1.03,1.11,0.95,1.26,0.89,1.63,0.68,0.53,0.84,0.58,0.37,0.79,35,26,20,9,2,2,17,13,10,3,1,1,18,13,10,6,1,1,3,12,18,29,36,36,2,6,9,16,18,18,1,6,9,13,18,18,92,68,53,24,5,5,89,68,53,16,5,5,95,68,53,32,5,5,8,32,47,76,95,95,11,32,47,84,95,95,5,32,47,68,95,95,25,15,7,9,6,2,16,9,5,66,39,18,47,32,11,84,47,26,47,42,53,-11,32,21,42,45,47,42,32,42,21,47,37,58,22,13,9,58,68,47,19,13,6,50,68,32,10,3,7,26,16,37,29,16,42,45,63,26,26,21,32,5.45,6.11,4.79,1.5,1.21,1.79,84,82,74,53,37,32,13,11,1.5,1.56,1.44,1.34,1.24,1.44,68,4,2,6,9,9,7,8,3,7,4,4,5,4,6,2,5,5,4,18,21,16,34,37,32,8
4,Aston Villa,England,38,19,19,0,16,7,9,7,4,3,15,8,7,1.45,1.32,1.58,11,11,9,11,55,46,9,101,56,45,29,26,27,19,2,7,62,59,66,74,63,90,15,7,8,19,10,9,8,5,3,21,9,12,213,118,95,71,35,36,48,49,48,566,293,273,226,116,110,340,177,163,434,227,207,26,12,14,18,11,7,8,1,7,15,6,9,15,8,7,8,5,3,1.58,1.37,1.79,2.66,2.95,2.37,1.45,1.53,1.37,1.21,1.42,1.0,1.16,1.21,1.11,0.68,0.63,0.74,0.47,0.58,0.37,34,27,22,8,4,2,16,14,12,6,2,2,18,13,10,2,2,0,4,11,16,30,34,36,3,5,7,13,17,17,1,6,9,17,17,19,89,71,58,21,11,5,84,74,63,32,11,11,95,68,53,11,11,0,11,29,42,79,89,95,16,26,37,68,89,89,5,32,47,89,89,100,26,11,5,12,6,3,14,5,2,68,29,13,63,32,16,74,26,11,42,37,47,-6,39,37,42,50,53,47,21,26,16,55,47,63,24,12,12,63,63,63,19,11,8,50,58,42,7,3,4,18,16,21,39,32,47,39,42,37,21,26,16,5.61,6.21,5.0,1.87,1.84,1.89,95,92,74,61,50,34,26,21,1.72,1.76,1.68,1.71,1.66,1.75,63,8,6,4,4,8,3,5,6,11,2,4,5,6,3,10,5,5,6,18,21,16,39,42,37,16
5,Atalanta,Italy,38,19,19,0,23,12,11,9,3,6,6,4,2,2.05,2.05,2.05,3,6,3,3,90,47,43,137,73,64,49,41,24,23,25,18,38,35,42,73,71,74,11,6,5,24,11,13,5,3,2,25,12,13,201,98,103,72,31,41,55,56,53,664,339,325,266,126,140,398,213,185,557,264,293,41,17,24,18,9,9,23,8,15,21,8,13,11,7,4,6,4,2,1.95,1.63,2.26,3.61,3.84,3.37,2.37,2.58,2.16,1.24,1.26,1.21,1.55,1.37,1.74,1.08,0.89,1.26,0.47,0.47,0.47,36,33,23,19,15,8,18,17,13,11,8,5,18,16,10,8,7,3,2,5,15,19,23,30,1,2,6,8,11,14,1,3,9,11,12,16,95,87,61,50,39,21,95,89,68,58,42,26,95,84,53,42,37,16,5,13,39,50,61,79,5,11,32,42,58,74,5,16,47,58,63,84,29,15,8,13,6,3,16,9,5,76,39,21,68,32,16,84,47,26,61,63,58,4,29,32,26,63,58,68,13,16,11,66,63,68,25,11,14,66,58,74,15,10,5,39,53,26,7,4,3,18,21,16,55,42,68,29,37,21,16,21,11,5.29,5.16,5.42,1.89,1.63,2.16,68,61,45,42,37,24,8,5,2.19,2.23,2.16,1.07,1.01,1.14,129,3,9,12,7,14,14,12,11,8,3,2,6,1,8,9,3,6,9,24,16,32,16,21,11,3
6,Athletic Club Bilbao,Spain,38,19,19,0,11,8,3,13,6,7,14,5,9,1.21,1.58,0.84,9,9,13,9,46,42,4,88,48,40,29,17,19,23,10,-6,74,59,101,81,90,74,9,5,4,20,10,10,12,5,7,18,11,7,197,106,91,87,46,41,50,49,51,436,240,196,159,83,76,277,157,120,480,221,259,19,12,7,15,8,7,4,4,0,10,6,4,19,10,9,9,3,6,1.29,1.47,1.11,2.32,2.53,2.11,1.21,1.53,0.89,1.11,1.0,1.21,0.89,1.05,0.74,0.5,0.63,0.37,0.39,0.42,0.37,35,27,15,8,2,1,18,14,8,5,2,1,17,13,7,3,0,0,3,11,23,30,36,37,1,5,11,14,17,18,2,6,12,16,19,19,92,71,39,21,5,3,95,74,42,26,11,5,89,68,37,16,0,0,8,29,61,79,95,97,5,26,58,74,89,95,11,32,63,84,100,100,24,8,2,13,6,1,11,2,1,63,21,5,68,32,5,58,11,5,29,42,16,18,24,26,21,53,53,53,32,26,37,47,58,37,24,12,12,63,63,63,22,8,14,58,42,74,6,5,1,16,26,5,26,32,21,50,53,47,24,16,32,5.18,5.58,4.79,2.29,2.42,2.16,79,68,63,45,34,32,16,11,1.34,1.42,1.26,1.22,1.08,1.35,53,8,4,3,2,4,5,4,5,11,3,6,2,2,5,3,6,9,6,34,32,37,37,26,47,8
7,Atlético Madrid,Spain,38,19,19,0,26,15,11,8,3,5,4,1,3,2.26,2.53,2.0,1,1,3,1,67,25,42,92,52,40,41,26,11,14,30,12,51,42,66,136,155,122,18,10,8,17,8,9,7,2,5,23,13,10,196,98,98,100,40,60,52,50,54,492,269,223,228,128,100,264,141,123,488,225,263,26,16,10,11,4,7,15,12,3,16,10,6,18,8,10,4,1,3,1.74,2.0,1.47,2.42,2.74,2.11,1.76,2.16,1.37,0.66,0.58,0.74,0.97,1.05,0.89,0.68,0.84,0.53,0.29,0.21,0.37,34,28,16,8,3,2,18,15,9,6,2,1,16,13,7,2,1,1,4,10,22,30,35,36,1,4,10,13,17,18,3,6,12,17,18,18,89,74,42,21,8,5,95,79,47,32,11,5,84,68,37,11,5,5,11,26,58,79,92,95,5,21,53,68,89,95,16,32,63,89,95,95,26,10,1,14,6,0,12,4,1,68,26,3,74,32,0,63,21,5,68,79,58,18,47,53,42,45,42,47,18,11,26,61,68,53,27,15,12,71,79,63,16,6,10,42,32,53,7,3,4,18,16,21,42,53,32,47,42,53,11,5,16,5.16,5.16,5.16,2.63,2.11,3.16,76,71,63,47,32,28,18,16,1.6,1.73,1.46,1.21,1.21,1.22,53,4,4,6,3,15,8,6,10,11,1,7,2,1,0,0,4,3,7,21,16,26,11,5,16,8
8,Augsburg,Germany,34,17,17,0,10,6,4,6,4,2,18,7,11,1.06,1.29,0.82,13,11,17,13,36,54,-18,90,46,44,21,15,25,29,-4,-14,85,73,102,57,61,53,7,3,4,18,9,9,11,6,5,14,8,6,121,62,59,73,42,31,41,40,43,362,180,182,142,66,76,220,114,106,388,190,198,12,7,5,23,10,13,-11,-3,-8,8,5,3,13,6,7,13,6,7,1.09,1.24,0.94,2.65,2.71,2.59,1.06,1.24,0.88,1.59,1.47,1.71,1.03,1.0,1.06,0.35,0.41,0.29,0.68,0.59,0.76,32,27,16,10,3,1,16,15,8,5,2,0,16,12,8,5,1,1,2,7,18,24,31,33,1,2,9,12,15,17,1,5,9,12,16,16,94,79,47,29,9,3,94,88,47,29,12,0,94,71,47,29,6,6,6,21,53,71,91,97,6,12,53,71,88,100,6,29,53,71,94,94,24,8,2,12,4,1,12,4,1,71,24,6,71,24,6,71,24,6,29,35,24,13,21,18,24,53,53,53,32,35,29,41,47,35,18,10,8,53,59,47,23,11,12,68,65,71,3,1,2,9,6,12,24,29,18,38,35,41,38,35,41,3.56,3.65,3.47,2.15,2.47,1.82,74,65,53,47,38,26,15,12,1.04,1.01,1.07,1.69,1.74,1.65,68,4,1,2,5,2,6,2,6,8,5,4,5,5,6,6,8,5,10,18,24,12,53,41,65,3
9,Bayer Leverkusen,Germany,34,17,17,0,14,8,6,10,5,5,10,4,6,1.53,1.71,1.35,6,7,6,6,53,39,14,92,56,36,34,19,22,17,12,2,58,45,80,78,70,90,9,2,7,20,14,6,9,2,7,17,10,7,184,84,100,58,31,27,60,59,61,477,257,220,199,106,93,278,151,127,421,221,200,23,14,9,15,6,9,8,8,0,14,8,6,14,7,7,6,2,4,1.65,1.82,1.47,2.71,3.29,2.12,1.56,2.0,1.12,1.15,1.29,1.0,1.12,1.18,1.06,0.68,0.82,0.53,0.44,0.35,0.53,30,25,19,9,4,3,16,15,12,6,3,2,14,10,7,3,1,1,4,9,15,25,30,31,1,2,5,11,14,15,3,7,10,14,16,16,88,74,56,26,12,9,94,88,71,35,18,12,82,59,41,18,6,6,12,26,44,74,88,91,6,12,29,65,82,88,18,41,59,82,94,94,24,10,3,13,5,1,11,5,2,71,29,9,76,29,6,65,29,12,41,47,35,8,26,12,41,59,82,35,26,12,41,50,59,41,23,12,11,68,71,65,16,6,10,47,35,59,5,3,2,15,18,12,41,47,35,41,41,41,18,12,24,5.41,4.94,5.88,1.71,1.82,1.59,76,74,56,44,28,18,9,9,1.66,1.74,1.57,1.19,1.21,1.16,62,7,6,7,1,2,5,7,8,10,5,4,3,2,5,6,2,4,8,29,29,29,29,24,35,6
10,Bayern München,Germany,34,17,17,0,24,13,11,6,4,2,4,0,4,2.29,2.53,2.06,1,1,1,1,99,44,55,143,85,58,64,35,21,23,43,12,31,24,44,70,73,67,9,5,4,25,12,13,0,0,0,21,11,10,237,129,108,50,27,23,61,61,61,621,315,306,268,149,119,353,166,187,306,136,170,52,30,22,25,11,14,27,19,8,19,10,9,8,4,4,7,3,4,1.91,2.0,1.82,4.21,5.0,3.41,2.91,3.76,2.06,1.29,1.24,1.35,2.26,2.41,2.12,1.53,1.76,1.29,0.74,0.65,0.82,34,31,27,21,16,9,17,17,14,12,11,9,17,14,13,9,5,0,0,3,7,13,18,25,0,0,3,5,6,8,0,3,4,8,12,17,100,91,79,62,47,26,100,100,82,71,65,53,100,82,76,53,29,0,0,9,21,38,53,74,0,0,18,29,35,47,0,18,24,47,71,100,33,25,12,16,13,7,17,12,5,97,74,35,94,76,41,100,71,29,71,76,65,17,26,29,24,74,71,76,0,0,0,62,65,59,17,10,7,50,59,41,7,4,3,21,24,18,11,4,7,32,24,41,56,59,53,24,24,24,21,18,24,6.97,7.59,6.35,1.47,1.59,1.35,88,76,71,65,56,41,21,18,2.34,2.45,2.24,1.19,1.09,1.29,129,7,8,13,14,15,10,10,6,16,6,5,2,7,9,3,2,3,7,18,24,12,12,0,24,9
11,Benevento,Italy,38,19,19,0,7,2,5,12,7,5,19,10,9,0.87,0.68,1.05,18,19,12,18,40,75,-35,115,58,57,19,21,39,36,-20,-15,86,90,81,46,44,48,7,3,4,22,12,10,11,5,6,13,7,6,169,90,79,101,47,54,42,42,43,466,242,224,175,98,77,291,144,147,496,258,238,18,9,9,38,18,20,-20,-9,-11,7,4,3,11,7,4,20,8,12,0.84,1.0,0.68,3.03,3.05,3.0,1.05,1.0,1.11,1.97,2.05,1.89,1.47,1.42,1.53,0.47,0.47,0.47,1.0,0.95,1.05,36,31,18,14,8,4,18,16,10,7,4,2,18,15,8,7,4,2,2,7,20,24,30,34,1,3,9,12,15,17,1,4,11,12,15,17,95,82,47,37,21,11,95,84,53,37,21,11,95,79,42,37,21,11,5,18,53,63,79,89,5,16,47,63,79,89,5,21,58,63,79,89,31,13,8,15,7,3,16,6,5,82,34,21,79,37,16,84,32,26,18,11,26,-5,18,16,21,58,63,53,29,26,32,34,37,32,13,8,5,34,42,26,22,10,12,58,53,63,10,5,5,26,26,26,18,21,16,29,37,21,53,42,63,4.45,4.74,4.16,2.66,2.47,2.84,87,87,82,68,47,34,21,11,1.18,1.26,1.11,1.59,1.64,1.55,66,3,3,3,4,7,7,4,4,5,11,6,12,6,7,6,11,9,7,32,37,26,50,53,47,8
12,Bologna,Italy,38,19,19,0,10,7,3,11,5,6,17,7,10,1.08,1.37,0.79,12,10,18,12,51,65,-14,116,66,50,33,18,33,32,0,-14,67,52,95,53,52,54,5,3,2,23,13,10,11,3,8,12,10,2,201,98,103,86,44,42,51,50,52,539,263,276,219,114,105,320,149,171,524,269,255,23,18,5,36,20,16,-13,-2,-11,12,10,2,8,2,6,18,7,11,1.16,1.68,0.63,3.05,3.47,2.63,1.34,1.74,0.95,1.71,1.74,1.68,1.55,2.0,1.11,0.61,0.95,0.26,0.95,1.05,0.84,37,30,20,16,9,3,19,15,11,10,7,3,18,15,9,6,2,0,1,8,18,22,29,35,0,4,8,9,12,16,1,4,10,13,17,19,97,79,53,42,24,8,100,79,58,53,37,16,95,79,47,32,11,0,3,21,47,58,76,92,0,21,42,47,63,84,5,21,53,68,89,100,34,16,6,19,10,6,15,6,0,89,42,16,100,53,32,79,32,0,26,37,16,14,13,16,11,61,68,53,29,16,42,32,53,11,12,6,6,32,32,32,21,6,15,55,32,79,9,7,2,24,37,11,32,53,11,21,11,32,47,37,58,5.29,5.16,5.42,2.26,2.32,2.21,87,84,74,71,53,39,34,24,1.58,1.58,1.58,1.72,1.76,1.68,87,2,8,4,5,4,7,5,5,11,6,8,8,8,8,10,10,6,1,29,26,32,45,37,53,18
13,Bordeaux,France,38,19,19,0,13,7,6,6,4,2,19,8,11,1.18,1.32,1.05,12,11,17,12,42,56,-14,98,40,58,19,23,21,35,-2,-12,81,90,74,61,81,49,14,9,5,17,6,11,12,8,4,17,8,9,174,82,92,82,40,42,50,50,50,435,231,204,166,79,87,269,152,117,449,219,230,23,12,11,28,10,18,-5,2,-7,10,6,4,15,9,6,13,4,9,1.18,1.42,0.95,2.58,2.11,3.05,1.11,1.0,1.21,1.47,1.11,1.84,1.34,1.16,1.53,0.61,0.63,0.58,0.74,0.53,0.95,33,29,24,9,3,0,15,12,10,2,1,0,18,17,14,7,2,0,5,9,14,29,35,38,4,7,9,17,18,19,1,2,5,12,17,19,87,76,63,24,8,0,79,63,53,11,5,0,95,89,74,37,11,0,13,24,37,76,92,100,21,37,47,89,95,100,5,11,26,63,89,100,26,15,8,11,6,3,15,9,5,68,39,21,58,32,16,79,47,26,34,37,32,7,37,47,26,45,32,58,32,42,21,45,42,47,20,12,8,53,63,42,21,11,10,55,58,53,9,4,5,24,21,26,26,32,21,39,47,32,34,21,47,4.58,4.32,4.84,2.16,2.11,2.21,92,76,66,53,42,24,18,13,1.13,1.18,1.1,1.49,1.42,1.56,68,3,5,6,5,6,4,1,3,9,2,11,9,4,5,6,5,6,8,16,21,11,50,42,58,8
14,Borussia Dortmund,Germany,34,17,17,0,20,11,9,4,2,2,10,4,6,1.88,2.06,1.71,3,4,2,3,75,46,29,121,60,61,40,35,20,26,20,9,41,38,44,67,76,59,11,7,4,22,10,12,1,0,1,19,10,9,173,94,79,45,19,26,60,61,59,510,250,260,219,113,106,291,137,154,353,172,181,24,13,11,18,7,11,6,6,0,9,6,3,19,10,9,6,1,5,1.35,1.65,1.06,3.56,3.53,3.59,2.21,2.35,2.06,1.35,1.18,1.53,1.24,1.18,1.29,0.71,0.76,0.65,0.53,0.41,0.65,34,33,25,16,8,4,17,17,13,8,4,1,17,16,12,8,4,3,0,1,9,18,26,30,0,0,4,9,13,16,0,1,5,9,13,14,100,97,74,47,24,12,100,100,76,47,24,6,100,94,71,47,24,18,0,3,26,53,76,88,0,0,24,53,76,94,0,6,29,53,76,82,24,12,3,12,6,1,12,6,2,71,35,9,71,35,6,71,35,12,59,65,53,10,32,41,24,65,59,71,3,0,6,56,59,53,18,10,8,53,59,47,16,6,10,47,35,59,10,6,4,29,35,24,26,35,18,56,59,53,18,6,29,5.09,5.53,4.65,1.32,1.12,1.53,76,59,50,44,35,21,12,12,1.78,1.78,1.77,1.24,1.16,1.32,100,5,2,7,5,10,12,8,14,12,3,5,3,5,5,8,3,7,7,12,12,12,29,24,35,3
15,Borussia M'gladbach,Germany,34,17,17,0,13,8,5,10,4,6,11,5,6,1.44,1.65,1.24,8,8,9,8,64,56,8,120,51,69,32,32,19,37,13,-5,48,48,48,55,80,41,7,4,3,24,12,12,4,1,3,22,11,11,177,78,99,65,29,36,52,51,52,460,231,229,205,102,103,255,129,126,391,192,199,31,15,16,23,8,15,8,7,1,13,6,7,15,10,5,6,1,5,1.59,1.65,1.53,3.53,3.0,4.06,1.88,1.88,1.88,1.65,1.12,2.18,1.59,1.35,1.82,0.91,0.88,0.94,0.68,0.47,0.88,33,29,24,17,11,5,17,14,10,5,4,1,16,15,14,12,7,4,1,5,10,17,23,29,0,3,7,12,13,16,1,2,3,5,10,13,97,85,71,50,32,15,100,82,59,29,24,6,94,88,82,71,41,24,3,15,29,50,68,85,0,18,41,71,76,94,6,12,18,29,59,76,25,15,9,11,6,4,14,9,5,74,44,26,65,35,24,82,53,29,38,47,29,16,21,24,18,71,71,71,12,6,18,65,65,65,20,11,9,59,65,53,13,7,6,38,41,35,10,5,5,29,29,29,38,35,41,44,59,29,18,6,29,5.21,4.59,5.82,1.91,1.71,2.12,76,68,59,44,35,26,21,21,1.53,1.53,1.53,1.56,1.4,1.71,112,5,12,5,6,6,11,8,5,6,4,2,9,6,6,6,4,8,11,29,24,35,32,29,35,15
16,Brest,France,38,19,19,0,11,8,3,8,4,4,19,7,12,1.08,1.47,0.68,17,9,18,17,50,66,-16,116,65,51,32,18,33,33,-1,-15,68,54,95,52,52,52,7,3,4,23,14,9,11,3,8,16,10,6,180,101,79,68,36,32,49,49,49,485,264,221,193,111,82,292,153,139,484,233,251,28,21,7,32,18,14,-4,3,-7,13,8,5,10,5,5,15,6,9,1.29,1.53,1.05,3.05,3.42,2.68,1.32,1.68,0.95,1.74,1.74,1.74,1.58,2.05,1.11,0.74,1.11,0.37,0.84,0.95,0.74,35,31,24,16,9,1,18,17,13,9,7,1,17,14,11,7,2,0,3,7,14,22,29,37,1,2,6,10,12,18,2,5,8,12,17,19,92,82,63,42,24,3,95,89,68,47,37,5,89,74,58,37,11,0,8,18,37,58,76,97,5,11,32,53,63,95,11,26,42,63,89,100,31,17,8,17,12,6,14,5,2,82,45,21,89,63,32,74,26,11,29,42,16,0,18,16,21,61,74,47,29,16,42,42,53,32,14,6,8,37,32,42,21,7,14,55,37,74,10,8,2,26,42,11,34,42,26,26,26,26,39,32,47,4.74,5.32,4.16,1.79,1.89,1.68,82,76,68,53,39,28,13,13,1.49,1.64,1.34,1.56,1.44,1.69,89,5,4,7,8,5,3,4,6,8,4,7,8,8,5,3,9,9,13,21,21,21,50,37,63,5
17,Brighton & Hove Albion,England,38,19,19,0,9,4,5,14,9,5,15,6,9,1.08,1.11,1.05,16,16,15,16,40,46,-6,86,44,42,22,18,22,24,0,-6,86,78,95,74,78,71,12,7,5,20,11,9,12,5,7,18,9,9,219,124,95,57,32,25,51,53,49,546,318,228,181,100,81,365,218,147,420,219,201,18,8,10,19,8,11,-1,0,-1,12,5,7,15,10,5,11,4,7,1.34,1.32,1.37,2.26,2.32,2.21,1.05,1.16,0.95,1.21,1.16,1.26,0.97,0.84,1.11,0.47,0.42,0.53,0.5,0.42,0.58,32,25,17,6,4,2,15,13,8,4,3,1,17,12,9,2,1,1,6,13,21,32,34,36,4,6,11,15,16,18,2,7,10,17,18,18,84,66,45,16,11,5,79,68,42,21,16,5,89,63,47,11,5,5,16,34,55,84,89,95,21,32,58,79,84,95,11,37,53,89,95,95,26,7,3,11,3,1,15,4,2,68,18,8,58,16,5,79,21,11,24,21,26,7,32,37,26,53,58,47,32,26,37,47,47,47,24,13,11,63,68,58,21,11,10,55,58,53,5,3,2,13,16,11,32,26,37,39,53,26,29,21,37,5.76,6.53,5.0,1.5,1.68,1.32,92,79,63,50,47,34,26,18,1.57,1.81,1.34,1.25,1.03,1.48,50,3,8,1,3,5,7,3,3,7,1,6,4,1,10,7,6,2,9,37,47,26,39,32,47,11
18,Burnley,England,38,19,19,0,10,4,6,9,6,3,19,9,10,1.03,0.95,1.11,17,17,13,17,33,55,-22,88,41,47,14,19,27,28,-13,-9,103,122,90,62,63,61,11,3,8,14,9,5,17,8,9,15,7,8,172,92,80,48,24,24,42,43,41,419,218,201,165,80,85,254,138,116,381,192,189,20,8,12,28,13,15,-8,-5,-3,8,4,4,15,7,8,15,8,7,1.03,1.0,1.05,2.32,2.16,2.47,0.87,0.74,1.0,1.45,1.42,1.47,1.26,1.11,1.42,0.53,0.42,0.63,0.74,0.68,0.79,34,24,16,9,4,1,18,13,7,2,1,0,16,11,9,7,3,1,4,14,22,29,34,37,1,6,12,17,18,19,3,8,10,12,16,18,89,63,42,24,11,3,95,68,37,11,5,0,84,58,47,37,16,5,11,37,58,76,89,97,5,32,63,89,95,100,16,42,53,63,84,95,28,13,6,15,5,1,13,8,5,74,34,16,79,26,5,68,42,26,26,21,32,-7,29,16,42,37,47,26,45,42,47,39,37,42,17,8,9,45,42,47,24,11,13,63,58,68,7,4,3,18,21,16,21,21,21,39,37,42,39,42,37,4.53,4.84,4.21,1.26,1.26,1.26,89,79,71,66,53,37,28,18,1.15,1.18,1.12,1.78,1.6,1.97,53,6,5,3,4,4,4,1,4,2,7,4,5,7,8,4,9,6,5,24,32,16,50,47,53,16
19,CA Osasuna,Spain,38,19,19,0,11,7,4,11,5,6,16,7,9,1.16,1.37,0.95,11,12,10,11,37,48,-11,85,44,41,21,16,23,25,-2,-9,93,81,107,71,74,68,11,6,5,17,9,8,15,7,8,17,9,8,117,62,55,84,40,44,43,45,42,398,199,199,153,71,82,245,128,117,516,272,244,16,9,7,16,9,7,0,0,0,10,5,5,20,9,11,8,5,3,1.32,1.26,1.37,2.24,2.32,2.16,0.97,1.11,0.84,1.26,1.21,1.32,0.84,0.95,0.74,0.42,0.47,0.37,0.42,0.47,0.37,33,26,14,10,2,0,16,14,7,6,1,0,17,12,7,4,1,0,5,12,24,28,36,38,3,5,12,13,18,19,2,7,12,15,18,19,87,68,37,26,5,0,84,74,37,32,5,0,89,63,37,21,5,0,13,32,63,74,95,100,16,26,63,68,95,100,11,37,63,79,95,100,21,9,2,12,5,1,9,4,1,55,24,5,63,26,5,47,21,5,29,37,21,9,29,32,26,45,47,42,39,37,42,45,47,42,25,11,14,66,58,74,25,12,13,66,63,68,5,3,2,13,16,11,26,26,26,53,47,58,21,26,16,3.08,3.26,2.89,2.21,2.11,2.32,68,50,32,24,16,8,8,3,1.06,1.04,1.08,1.42,1.37,1.47,53,2,4,3,5,2,0,7,9,5,4,1,5,0,11,4,5,9,9,29,26,32,42,37,47,0
20,Cagliari,Italy,38,19,19,0,9,5,4,10,4,6,19,10,9,0.97,1.0,0.95,16,16,15,16,43,59,-16,102,54,48,22,21,32,27,-10,-6,80,78,81,58,54,63,7,3,4,20,10,10,14,7,7,13,7,6,170,95,75,79,39,40,45,45,44,481,276,205,174,92,82,307,184,123,514,252,262,15,9,6,28,15,13,-13,-6,-7,6,4,2,18,7,11,14,8,6,0.95,1.0,0.89,2.68,2.84,2.53,1.13,1.16,1.11,1.55,1.68,1.42,1.13,1.26,1.0,0.39,0.47,0.32,0.74,0.79,0.68,35,26,15,13,8,3,18,14,8,7,4,2,17,12,7,6,4,1,3,12,23,25,30,35,1,5,11,12,15,17,2,7,12,13,15,18,92,68,39,34,21,8,95,74,42,37,21,11,89,63,37,32,21,5,8,32,61,66,79,92,5,26,58,63,79,89,11,37,63,68,79,95,23,10,6,13,5,4,10,5,2,61,26,16,68,26,21,53,26,11,24,26,21,-3,18,16,21,53,53,53,37,37,37,34,37,32,19,9,10,50,47,53,26,12,14,68,63,74,8,4,4,21,21,21,16,21,11,47,37,58,37,42,32,4.47,5.0,3.95,2.08,2.05,2.11,82,79,71,63,55,39,24,16,1.39,1.52,1.25,1.75,1.61,1.89,79,2,6,3,2,5,9,5,3,8,7,4,6,5,8,6,3,11,9,26,21,32,50,53,47,5
21,Celta de Vigo,Spain,38,19,19,0,14,9,5,11,3,8,13,7,6,1.39,1.58,1.21,8,11,9,8,55,57,-2,112,60,52,30,25,30,27,0,-2,62,57,68,60,57,63,9,5,4,23,11,12,10,4,6,18,10,8,125,59,66,114,56,58,54,55,53,379,216,163,168,92,76,211,124,87,618,311,307,35,18,17,28,13,15,7,5,2,13,10,3,16,4,12,9,5,4,1.45,1.79,1.11,2.95,3.16,2.74,1.45,1.58,1.32,1.5,1.58,1.42,1.66,1.63,1.68,0.92,0.95,0.89,0.74,0.68,0.79,34,33,20,13,6,4,18,17,12,8,3,1,16,16,8,5,3,3,4,5,18,25,32,34,1,2,7,11,16,18,3,3,11,14,16,16,89,87,53,34,16,11,95,89,63,42,16,5,84,84,42,26,16,16,11,13,47,66,84,89,5,11,37,58,84,95,16,16,58,74,84,84,29,17,10,16,7,4,13,10,6,76,45,26,84,37,21,68,53,32,37,47,26,2,24,26,21,61,58,63,26,21,32,47,53,42,20,12,8,53,63,42,15,7,8,39,37,42,12,3,9,32,16,47,34,53,16,42,21,63,24,26,21,3.29,3.11,3.47,3.0,2.95,3.05,55,47,32,24,18,8,0,0,1.06,1.2,0.93,1.33,1.29,1.37,84,5,9,4,8,10,5,4,5,5,7,6,8,4,7,6,3,5,11,29,16,42,34,37,32,0
22,Chelsea,England,38,19,19,0,19,9,10,10,6,4,9,4,5,1.76,1.74,1.79,4,4,6,4,58,36,22,94,49,45,31,27,18,18,13,9,59,55,63,95,95,95,18,10,8,16,7,9,10,6,4,20,10,10,226,115,111,55,25,30,61,60,62,586,291,295,243,125,118,343,166,177,424,217,207,23,13,10,20,9,11,3,4,-1,16,8,8,12,8,4,10,3,7,1.58,1.68,1.47,2.47,2.58,2.37,1.53,1.63,1.42,0.95,0.95,0.95,1.13,1.16,1.11,0.61,0.68,0.53,0.53,0.47,0.58,32,26,17,10,5,3,15,14,8,6,3,2,17,12,9,4,2,1,6,12,21,28,33,35,4,5,11,13,16,17,2,7,10,15,17,18,84,68,45,26,13,8,79,74,42,32,16,11,89,63,47,21,11,5,16,32,55,74,87,92,21,26,58,68,84,89,11,37,53,79,89,95,27,10,6,12,6,4,15,4,2,71,26,16,63,32,21,79,21,11,50,47,53,0,47,53,42,42,37,47,26,32,21,53,53,53,25,13,12,66,68,63,20,9,11,53,47,58,4,4,0,11,21,0,42,42,42,32,42,21,26,16,37,5.95,6.05,5.84,1.45,1.32,1.58,89,79,68,53,47,37,26,11,1.84,1.82,1.85,1.12,1.11,1.13,53,5,1,8,6,7,5,11,8,7,4,2,4,3,9,6,4,1,3,26,32,21,24,21,26,11
23,Crotone,Italy,38,19,19,0,6,5,1,5,2,3,27,12,15,0.61,0.89,0.32,19,18,20,19,45,92,-47,137,58,79,23,22,35,57,-12,-35,76,74,78,37,49,30,3,1,2,24,11,13,14,8,6,11,7,4,138,75,63,93,44,49,46,46,47,402,208,194,161,85,76,241,123,118,517,267,250,25,12,13,42,15,27,-17,-3,-14,6,4,2,13,8,5,19,7,12,0.82,1.05,0.58,3.61,3.05,4.16,1.18,1.21,1.16,2.42,1.84,3.0,1.76,1.42,2.11,0.66,0.63,0.68,1.11,0.79,1.42,35,33,27,18,14,6,18,17,12,6,4,1,17,16,15,12,10,5,3,5,11,20,24,32,1,2,7,13,15,18,2,3,4,7,9,14,92,87,71,47,37,16,95,89,63,32,21,5,89,84,79,63,53,26,8,13,29,53,63,84,5,11,37,68,79,95,11,16,21,37,47,74,31,21,9,15,10,2,16,11,7,82,55,24,79,53,11,84,58,37,16,26,5,14,8,5,11,63,58,68,37,42,32,29,37,21,12,8,4,32,42,21,20,10,10,53,53,53,13,5,8,34,26,42,16,21,11,34,42,26,50,37,63,3.63,3.95,3.32,2.45,2.32,2.58,82,66,57,50,37,32,21,16,0.94,0.98,0.91,1.88,1.75,2.0,103,3,3,9,5,9,5,4,4,3,3,10,12,11,13,10,11,7,15,13,11,16,71,63,79,11
24,Crystal Palace,England,38,19,19,0,12,6,6,8,5,3,18,8,10,1.16,1.21,1.11,14,14,14,14,41,66,-25,107,52,55,20,21,32,34,-12,-13,83,86,81,52,54,50,8,6,2,19,9,10,14,6,8,16,8,8,151,74,77,58,27,31,40,40,40,384,186,198,170,80,90,214,106,108,402,200,202,22,11,11,28,17,11,-6,-6,0,12,5,7,12,6,6,14,8,6,1.26,1.11,1.42,2.82,2.74,2.89,1.08,1.05,1.11,1.74,1.68,1.79,1.32,1.47,1.16,0.58,0.58,0.58,0.74,0.89,0.58,35,31,19,12,7,2,17,14,8,6,5,1,18,17,11,6,2,1,3,7,19,26,31,36,2,5,11,13,14,18,1,2,8,13,17,18,92,82,50,32,18,5,89,74,42,32,26,5,95,89,58,32,11,5,8,18,50,68,82,95,11,26,58,68,74,95,5,11,42,68,89,95,29,13,7,13,8,6,16,5,1,76,34,18,68,42,32,84,26,5,32,32,32,0,21,32,11,50,47,53,37,32,42,42,42,42,19,10,9,50,53,47,20,11,9,53,58,47,8,4,4,21,21,21,32,26,37,32,32,32,37,42,32,3.97,3.89,4.05,1.53,1.42,1.63,92,79,63,53,37,28,24,11,0.95,0.94,0.97,1.71,1.63,1.79,76,7,4,5,3,3,4,5,2,8,11,3,8,5,6,9,5,8,11,21,26,16,47,42,53,8
25,Cádiz,Spain,38,19,19,0,11,5,6,11,5,6,16,9,7,1.16,1.05,1.26,12,18,8,12,36,58,-22,94,47,47,17,19,30,28,-13,-9,95,101,90,59,57,61,10,4,6,18,9,9,13,9,4,15,8,7,149,61,88,83,41,42,34,35,33,320,164,156,125,62,63,195,102,93,405,205,200,17,10,7,33,16,17,-16,-6,-10,9,4,5,13,9,4,16,6,10,1.05,1.11,1.0,2.47,2.47,2.47,0.95,0.89,1.0,1.53,1.58,1.47,1.32,1.37,1.26,0.45,0.53,0.37,0.87,0.84,0.89,35,27,17,11,3,1,16,13,10,6,1,1,19,14,7,5,2,0,3,11,21,27,35,37,3,6,9,13,18,18,0,5,12,14,17,19,92,71,45,29,8,3,84,68,53,32,5,5,100,74,37,26,11,0,8,29,55,71,92,97,16,32,47,68,95,95,0,26,63,74,89,100,28,13,7,13,7,5,15,6,2,74,34,18,68,37,26,79,32,11,29,26,32,-5,26,21,32,47,47,47,34,47,21,39,42,37,17,9,8,45,47,42,25,11,14,66,58,74,6,5,1,16,26,5,24,21,26,34,47,21,42,32,53,3.92,3.21,4.63,2.18,2.16,2.21,79,61,53,45,34,24,18,13,0.78,0.8,0.76,1.48,1.39,1.56,61,3,5,1,6,5,4,6,1,5,7,4,7,11,5,7,5,4,8,29,26,32,42,47,37,11
26,Deportivo Alavés,Spain,38,19,19,0,9,6,3,11,6,5,18,7,11,1.0,1.26,0.74,16,15,17,16,36,57,-21,93,46,47,21,15,25,32,-4,-17,95,81,114,60,68,54,9,5,4,20,11,9,13,5,8,15,9,6,140,73,67,103,52,51,43,44,42,362,197,165,131,71,60,231,126,105,505,254,251,19,11,8,23,14,9,-4,-3,-1,10,6,4,17,7,10,11,6,5,1.24,1.32,1.16,2.45,2.42,2.47,0.95,1.11,0.79,1.5,1.32,1.68,1.11,1.32,0.89,0.5,0.58,0.42,0.61,0.74,0.47,34,26,17,10,4,2,17,12,9,5,2,1,17,14,8,5,2,1,4,12,21,28,34,36,2,7,10,14,17,18,2,5,11,14,17,18,89,68,45,26,11,5,89,63,47,26,11,5,89,74,42,26,11,5,11,32,55,74,89,95,11,37,53,74,89,95,11,26,58,74,89,95,23,12,7,12,7,6,11,5,1,61,32,18,63,37,32,58,26,5,24,32,16,15,24,26,21,53,58,47,34,26,42,39,47,32,23,11,12,61,58,63,23,11,12,61,58,63,7,4,3,18,21,16,26,32,21,45,37,53,29,32,26,3.68,3.84,3.53,2.71,2.74,2.68,76,61,50,37,26,21,13,8,0.83,0.89,0.77,1.36,1.21,1.52,74,4,4,5,4,3,4,2,4,6,5,6,2,3,10,4,9,9,9,29,32,26,47,37,58,8
27,Dijon,France,38,19,19,0,4,1,3,9,6,3,25,12,13,0.55,0.47,0.63,20,20,19,20,25,73,-48,98,39,59,8,17,31,42,-23,-25,136,214,101,47,55,41,6,4,2,15,5,10,21,13,8,8,2,6,146,74,72,85,46,39,47,47,47,376,203,173,114,59,55,262,144,118,502,270,232,11,1,10,34,15,19,-23,-14,-9,5,1,4,12,7,5,21,11,10,0.71,0.53,0.89,2.58,2.05,3.11,0.66,0.42,0.89,1.92,1.63,2.21,1.18,0.84,1.53,0.29,0.05,0.53,0.89,0.79,1.0,34,26,17,13,5,3,16,11,5,5,1,1,18,15,12,8,4,2,4,12,21,25,33,35,3,8,14,14,18,18,1,4,7,11,15,17,89,68,45,34,13,8,84,58,26,26,5,5,95,79,63,42,21,11,11,32,55,66,87,92,16,42,74,74,95,95,5,21,37,58,79,89,28,12,3,12,4,0,16,8,3,74,32,8,63,21,0,84,42,16,11,5,16,-11,16,21,11,39,26,53,55,68,42,21,11,32,14,8,6,37,42,32,29,18,11,76,95,58,5,0,5,13,0,26,13,5,21,32,37,26,55,58,53,3.84,3.89,3.79,2.24,2.42,2.05,87,79,66,53,39,32,18,16,0.86,0.9,0.81,1.61,1.45,1.78,66,3,2,2,3,3,3,3,3,3,4,5,12,7,12,4,5,6,18,24,32,16,66,63,68,11
28,Eintracht Frankfurt,Germany,34,17,17,0,16,10,6,12,7,5,6,0,6,1.76,2.18,1.35,5,2,7,5,69,53,16,122,57,65,37,32,20,33,17,-1,44,41,48,58,76,46,4,2,2,28,15,13,2,0,2,18,8,10,206,107,99,82,38,44,54,53,55,464,230,234,199,112,87,265,118,147,448,212,236,30,16,14,19,8,11,11,8,3,13,7,6,16,8,8,5,2,3,1.62,1.71,1.53,3.59,3.35,3.82,2.03,2.18,1.88,1.56,1.18,1.94,1.44,1.41,1.47,0.88,0.94,0.82,0.56,0.47,0.65,34,34,22,16,7,6,17,17,9,6,3,3,17,17,13,10,4,3,0,0,12,18,27,28,0,0,8,11,14,14,0,0,4,7,13,14,100,100,65,47,21,18,100,100,53,35,18,18,100,100,76,59,24,18,0,0,35,53,79,82,0,0,47,65,82,82,0,0,24,41,76,82,24,14,5,11,6,3,13,8,2,71,41,15,65,35,18,76,47,12,47,59,35,16,12,12,12,82,88,76,6,0,12,53,47,59,19,10,9,56,59,53,15,8,7,44,47,41,10,5,5,29,29,29,38,41,35,47,47,47,15,12,18,6.06,6.29,5.82,2.41,2.24,2.59,94,88,82,62,44,28,21,18,1.63,1.69,1.58,1.49,1.4,1.57,109,5,3,11,8,3,8,11,10,10,7,5,2,3,6,10,7,5,8,35,41,29,18,0,35,15
29,Elche CF,Spain,38,19,19,0,8,5,3,12,8,4,18,6,12,0.95,1.21,0.68,17,16,18,17,34,55,-21,89,41,48,18,16,23,32,-5,-16,101,95,107,62,74,54,7,4,3,20,10,10,13,6,7,14,9,5,137,58,79,101,49,52,47,47,48,305,143,162,122,59,63,183,84,99,498,252,246,17,10,7,25,11,14,-8,-1,-7,10,6,4,11,6,5,17,7,10,1.08,1.26,0.89,2.34,2.16,2.53,0.89,0.95,0.84,1.45,1.21,1.68,1.11,1.11,1.11,0.45,0.53,0.37,0.66,0.58,0.74,36,29,15,9,0,0,18,14,6,3,0,0,18,15,9,6,0,0,2,9,23,29,38,38,1,5,13,16,19,19,1,4,10,13,19,19,95,76,39,24,0,0,95,74,32,16,0,0,95,79,47,32,0,0,5,24,61,76,100,100,5,26,68,84,100,100,5,21,53,68,100,100,31,10,1,16,5,0,15,5,1,82,26,3,84,26,0,79,26,5,21,26,16,12,18,21,16,53,53,53,34,32,37,37,47,26,17,9,8,45,47,42,23,10,13,61,53,68,5,3,2,13,16,11,26,32,21,29,32,26,45,37,53,3.61,3.05,4.16,2.66,2.58,2.74,66,55,47,24,16,13,5,3,0.74,0.72,0.77,1.56,1.55,1.58,39,4,2,2,8,4,3,6,3,2,3,5,5,6,7,6,5,8,10,32,42,21,47,32,63,0
30,Everton,England,38,19,19,0,17,6,11,8,4,4,13,9,4,1.55,1.16,1.95,10,15,4,10,47,48,-1,95,52,43,24,23,28,20,-4,3,73,71,74,71,61,86,12,3,9,18,11,7,10,5,5,19,8,11,167,98,69,63,27,36,46,48,45,430,228,202,182,94,88,248,134,114,398,200,198,27,15,12,23,12,11,4,3,1,12,6,6,19,10,9,7,3,4,1.45,1.47,1.42,2.5,2.74,2.26,1.24,1.26,1.21,1.26,1.47,1.05,1.32,1.42,1.21,0.71,0.79,0.63,0.61,0.63,0.58,36,25,16,9,5,3,19,13,9,6,2,2,17,12,7,3,3,1,2,13,22,29,33,35,0,6,10,13,17,17,2,7,12,16,16,18,95,66,42,24,13,8,100,68,47,32,11,11,89,63,37,16,16,5,5,34,58,76,87,92,0,32,53,68,89,89,11,37,63,84,84,95,25,17,7,13,9,5,12,8,2,66,45,18,68,47,26,63,42,11,45,32,58,-8,32,16,47,47,58,37,26,26,26,50,42,58,20,9,11,53,47,58,18,7,11,47,37,58,13,9,4,34,47,21,32,32,32,50,53,47,18,16,21,4.39,5.16,3.63,1.66,1.42,1.89,92,79,71,53,39,32,21,13,1.17,1.25,1.1,1.63,1.61,1.65,63,6,4,6,6,7,5,5,4,4,4,6,6,5,5,2,7,7,6,21,21,21,34,47,21,11
31,FC Barcelona,Spain,38,19,19,0,24,11,13,7,5,2,7,3,4,2.08,2.0,2.16,3,4,2,3,85,38,47,123,64,59,44,41,20,18,24,23,40,39,42,90,86,95,14,6,8,22,13,9,3,1,2,23,13,10,217,120,97,72,29,43,66,66,66,586,303,283,257,136,121,329,167,162,339,164,175,41,23,18,16,8,8,25,15,10,20,9,11,13,10,3,5,0,5,1.92,1.95,1.89,3.24,3.37,3.11,2.24,2.32,2.16,1.0,1.05,0.95,1.5,1.63,1.37,1.08,1.21,0.95,0.42,0.42,0.42,37,31,24,14,9,5,18,16,13,8,4,3,19,15,11,6,5,2,1,7,14,24,29,33,1,3,6,11,15,16,0,4,8,13,14,17,97,82,63,37,24,13,95,84,68,42,21,16,100,79,58,32,26,11,3,18,37,63,76,87,5,16,32,58,79,84,0,21,42,68,74,89,30,18,7,14,11,4,16,7,3,79,47,18,74,58,21,84,37,16,63,58,68,-1,37,32,42,58,68,47,8,5,11,61,68,53,23,11,12,61,58,63,13,5,8,34,26,42,10,8,2,26,42,11,53,47,58,34,53,16,13,0,26,5.71,6.32,5.11,1.89,1.53,2.26,82,68,55,42,34,26,18,18,2.11,2.2,2.02,1.12,1.07,1.16,92,3,7,12,12,9,10,11,8,13,4,2,4,3,5,5,5,4,6,18,26,11,18,16,21,11
32,Fiorentina,Italy,38,19,19,0,9,6,3,13,6,7,16,7,9,1.05,1.26,0.84,13,11,17,13,47,59,-12,106,50,56,25,22,25,34,0,-12,73,68,78,58,68,50,9,5,4,21,11,10,12,4,8,16,8,8,168,88,80,96,47,49,46,45,47,425,235,190,166,87,79,259,148,111,510,238,272,23,11,12,23,9,14,0,2,-2,10,5,5,20,11,9,8,3,5,1.32,1.37,1.26,2.79,2.63,2.95,1.24,1.32,1.16,1.55,1.32,1.79,1.21,1.05,1.37,0.61,0.58,0.63,0.61,0.47,0.74,34,30,19,10,8,4,18,15,8,4,4,1,16,15,11,6,4,3,4,8,19,28,30,34,1,4,11,15,15,18,3,4,8,13,15,16,89,79,50,26,21,11,95,79,42,21,21,5,84,79,58,32,21,16,11,21,50,74,79,89,5,21,58,79,79,95,16,21,42,68,79,84,25,15,5,11,7,2,14,8,3,66,39,13,58,37,11,74,42,16,24,32,16,11,24,26,21,55,58,53,32,21,42,42,42,42,20,11,9,53,58,47,21,11,10,55,58,53,10,5,5,26,26,26,26,26,26,53,58,47,21,16,26,4.42,4.63,4.21,2.53,2.47,2.58,66,63,53,39,34,24,16,8,1.16,1.25,1.07,1.47,1.46,1.48,74,5,4,6,5,4,5,6,6,6,4,5,1,8,7,8,6,9,11,34,32,37,42,37,47,3
33,Freiburg,Germany,34,17,17,0,12,7,5,9,6,3,13,4,9,1.32,1.59,1.06,10,9,12,10,52,52,0,104,56,48,33,19,23,29,10,-10,59,46,80,59,67,53,6,4,2,20,11,9,9,2,7,17,9,8,123,71,52,63,29,34,47,48,46,419,244,175,177,99,78,242,145,97,430,211,219,22,13,9,21,13,8,1,0,1,8,4,4,17,9,8,9,4,5,1.21,1.24,1.18,3.06,3.29,2.82,1.53,1.94,1.12,1.53,1.35,1.71,1.26,1.53,1.0,0.65,0.76,0.53,0.62,0.76,0.47,33,30,22,13,5,1,17,16,11,8,3,1,16,14,11,5,2,0,1,4,12,21,29,33,0,1,6,9,14,16,1,3,6,12,15,17,97,88,65,38,15,3,100,94,65,47,18,6,94,82,65,29,12,0,3,12,35,62,85,97,0,6,35,53,82,94,6,18,35,71,88,100,23,16,4,13,10,3,10,6,1,68,47,12,76,59,18,59,35,6,35,41,29,20,18,24,12,59,65,53,26,12,41,50,53,47,18,7,11,53,41,65,19,7,12,56,41,71,8,7,1,24,41,6,24,24,24,50,53,47,26,24,29,3.62,4.18,3.06,1.85,1.71,2.0,62,56,47,35,21,12,9,6,1.39,1.57,1.2,1.64,1.58,1.71,79,6,6,3,6,7,4,8,6,6,4,1,7,6,6,5,8,7,8,26,35,18,38,24,53,6
34,Fulham,England,38,19,19,0,5,2,3,13,4,9,20,13,7,0.74,0.53,0.95,18,20,17,18,27,53,-26,80,37,43,9,18,28,25,-19,-7,127,191,95,65,61,68,9,5,4,16,5,11,18,12,6,13,4,9,164,89,75,73,40,33,50,51,48,477,256,221,173,82,91,304,174,130,475,233,242,12,6,6,23,15,8,-11,-9,-2,6,2,4,18,9,9,14,8,6,0.95,0.79,1.11,2.11,1.95,2.26,0.71,0.47,0.95,1.39,1.47,1.32,0.92,1.11,0.74,0.32,0.32,0.32,0.61,0.79,0.42,33,26,12,5,2,1,16,12,7,1,1,0,17,14,5,4,1,1,5,12,26,33,36,37,3,7,12,18,18,19,2,5,14,15,18,18,87,68,32,13,5,3,84,63,37,5,5,0,89,74,26,21,5,5,13,32,68,87,95,97,16,37,63,95,95,100,11,26,74,79,95,95,22,10,2,12,7,1,10,3,1,58,26,5,63,37,5,53,16,5,13,11,16,-20,24,26,21,42,26,58,47,63,32,34,21,47,22,9,13,58,47,68,28,14,14,74,74,74,4,3,1,11,16,5,16,11,21,47,47,47,37,42,32,4.32,4.68,3.95,1.92,2.11,1.74,87,71,57,45,32,21,13,8,1.43,1.54,1.32,1.4,1.36,1.44,58,2,1,4,3,4,1,6,5,1,7,4,7,2,9,8,4,3,9,34,21,47,53,68,37,3
35,Genoa,Italy,38,19,19,0,10,5,5,12,7,5,16,7,9,1.11,1.16,1.05,11,13,11,11,47,58,-11,105,59,46,29,18,30,28,-1,-10,73,59,95,59,57,61,9,3,6,23,15,8,9,1,8,13,9,4,129,59,70,89,36,53,45,45,45,383,196,187,159,83,76,224,113,111,512,246,266,18,11,7,27,15,12,-9,-4,-5,7,4,3,17,8,9,14,7,7,1.0,1.05,0.95,2.76,3.11,2.42,1.24,1.53,0.95,1.53,1.58,1.47,1.18,1.37,1.0,0.47,0.58,0.37,0.71,0.79,0.63,35,31,20,10,4,3,19,18,11,7,2,1,16,13,9,3,2,2,3,7,18,28,34,35,0,1,8,12,17,18,3,6,10,16,17,17,92,82,53,26,11,8,100,95,58,37,11,5,84,68,47,16,11,11,8,18,47,74,89,92,0,5,42,63,89,95,16,32,53,84,89,89,27,13,3,14,7,3,13,6,0,71,34,8,74,37,16,68,32,0,26,26,26,10,24,16,32,61,79,42,24,5,42,34,47,21,17,8,9,45,42,47,25,12,13,66,63,68,7,4,3,18,21,16,18,21,16,45,42,47,37,37,37,3.39,3.11,3.68,2.34,1.89,2.79,68,63,57,50,32,21,16,13,0.93,0.94,0.91,1.74,1.61,1.87,74,4,6,5,2,10,4,6,3,7,8,6,9,1,6,7,9,6,6,32,37,26,42,37,47,5
36,Getafe CF,Spain,38,19,19,0,9,6,3,11,6,5,18,7,11,1.0,1.26,0.74,15,13,16,15,28,43,-15,71,28,43,15,13,13,30,2,-17,122,114,132,80,132,57,14,8,6,10,5,5,21,9,12,10,7,3,143,78,65,131,63,68,43,44,42,382,204,178,141,78,63,241,126,115,621,299,322,13,7,6,22,9,13,-9,-2,-7,4,2,2,21,11,10,13,6,7,0.87,0.89,0.84,1.87,1.47,2.26,0.74,0.79,0.68,1.13,0.68,1.58,0.92,0.84,1.0,0.34,0.37,0.32,0.58,0.47,0.68,31,18,12,5,2,2,16,7,4,1,0,0,15,11,8,4,2,2,7,20,26,33,36,36,3,12,15,18,19,19,4,8,11,15,17,17,82,47,32,13,5,5,84,37,21,5,0,0,79,58,42,21,11,11,18,53,68,87,95,95,16,63,79,95,100,100,21,42,58,79,89,89,21,9,4,10,4,2,11,5,2,55,24,11,53,21,11,58,26,11,24,32,16,24,37,42,32,26,26,26,55,47,63,26,37,16,21,11,10,55,58,53,27,14,13,71,74,68,7,3,4,18,16,21,11,11,11,55,58,53,34,32,37,3.76,4.11,3.42,3.45,3.32,3.58,63,42,32,18,16,13,8,8,1.22,1.29,1.15,1.1,0.99,1.2,42,2,5,0,5,1,5,3,1,6,4,8,7,2,2,2,5,3,10,29,32,26,47,37,58,0
37,Granada CF,Spain,38,19,19,0,13,9,4,7,4,3,18,6,12,1.21,1.63,0.79,10,8,15,10,47,65,-18,112,50,62,25,22,25,40,0,-18,73,68,78,53,68,43,9,7,2,23,9,14,8,5,3,15,9,6,129,79,50,108,55,53,41,42,40,380,202,178,150,78,72,230,124,106,499,268,231,19,11,8,33,14,19,-14,-3,-11,6,3,3,16,11,5,16,5,11,0.89,1.05,0.74,2.95,2.63,3.26,1.24,1.32,1.16,1.71,1.32,2.11,1.37,1.32,1.42,0.5,0.58,0.42,0.87,0.74,1.0,36,31,23,12,6,3,17,14,10,5,3,1,19,17,13,7,3,2,2,7,15,26,32,35,2,5,9,14,16,18,0,2,6,12,16,17,95,82,61,32,16,8,89,74,53,26,16,5,100,89,68,37,16,11,5,18,39,68,84,92,11,26,47,74,84,95,0,11,32,63,84,89,30,18,3,13,11,1,17,7,2,79,47,8,68,58,5,89,37,11,34,47,21,15,24,37,11,61,47,74,21,26,16,39,47,32,14,9,5,37,47,26,22,11,11,58,58,58,10,5,5,26,26,26,16,16,16,42,58,26,42,26,58,3.39,4.16,2.63,2.84,2.89,2.79,74,57,45,37,24,8,5,5,1.02,1.08,0.96,1.51,1.41,1.61,82,3,2,5,3,8,3,5,8,10,5,4,10,9,8,5,8,6,10,18,21,16,47,32,63,5
38,Hellas Verona,Italy,38,19,19,0,11,6,5,12,6,6,15,7,8,1.18,1.26,1.11,10,12,9,10,46,48,-2,94,46,48,23,23,23,25,0,-2,74,74,74,71,74,68,7,3,4,23,12,11,9,5,4,18,7,11,185,101,84,93,50,43,49,49,49,453,246,207,166,92,74,287,154,133,607,310,297,16,7,9,18,9,9,-2,-2,0,8,3,5,20,10,10,9,5,4,1.19,1.06,1.32,2.47,2.42,2.53,1.21,1.21,1.21,1.26,1.21,1.32,0.92,0.89,0.95,0.43,0.39,0.47,0.49,0.5,0.47,37,31,17,8,1,0,18,16,9,3,0,0,19,15,8,5,1,0,1,7,21,30,37,38,1,3,10,16,19,19,0,4,11,14,18,19,97,82,45,21,3,0,95,84,47,16,0,0,100,79,42,26,5,0,3,18,55,79,97,100,5,16,53,84,100,100,0,21,58,74,95,100,22,10,2,11,5,0,11,5,2,59,27,5,61,28,0,58,26,11,29,32,26,2,18,16,21,61,63,58,24,26,21,47,37,58,22,10,12,59,56,63,24,12,12,65,67,63,6,3,3,16,17,16,22,17,26,54,56,53,24,28,21,4.87,5.32,4.42,2.45,2.63,2.26,87,84,68,47,34,24,13,8,1.21,1.29,1.13,1.56,1.47,1.65,66,3,6,3,2,4,4,11,6,4,5,3,4,2,9,7,2,5,11,32,32,32,39,37,42,8
39,Hertha BSC,Germany,34,17,17,0,8,5,3,11,5,6,15,7,8,1.03,1.18,0.88,14,13,15,14,41,52,-11,93,47,46,21,20,26,26,-5,-6,74,73,76,59,59,59,9,6,3,18,7,11,12,7,5,13,6,7,152,91,61,69,34,35,49,54,45,419,246,173,184,108,76,235,138,97,468,219,249,18,10,8,21,13,8,-3,-3,0,7,4,3,14,4,10,13,9,4,1.03,0.94,1.12,2.74,2.76,2.71,1.21,1.24,1.18,1.53,1.53,1.53,1.15,1.35,0.94,0.53,0.59,0.47,0.62,0.76,0.47,29,27,19,9,5,2,14,13,11,5,2,1,15,14,8,4,3,1,5,7,15,25,29,32,3,4,6,12,15,16,2,3,9,13,14,16,85,79,56,26,15,6,82,76,65,29,12,6,88,82,47,24,18,6,15,21,44,74,85,94,18,24,35,71,88,94,12,18,53,76,82,94,25,11,3,14,6,3,11,5,0,74,32,9,82,35,18,65,29,0,24,29,18,0,26,35,18,53,41,65,35,41,29,38,35,41,16,7,9,47,41,53,20,10,10,59,59,59,7,3,4,21,18,24,21,24,18,41,24,59,38,53,24,4.47,5.35,3.59,2.03,2.0,2.06,88,62,50,44,28,18,15,15,1.39,1.64,1.14,1.48,1.27,1.69,62,3,2,3,5,7,5,3,7,6,6,3,5,6,4,4,9,5,10,32,29,35,44,41,47,3
40,Hoffenheim,Germany,34,17,17,0,11,8,3,10,3,7,13,6,7,1.26,1.59,0.94,11,10,14,11,52,54,-2,106,56,50,32,20,24,30,8,-10,59,48,76,57,64,51,6,4,2,24,11,13,7,4,3,11,6,5,156,74,82,73,27,46,51,50,52,438,211,227,186,98,88,252,113,139,416,217,199,21,11,10,33,16,17,-12,-5,-7,8,4,4,11,6,5,15,7,8,1.03,1.06,1.0,3.12,3.29,2.94,1.53,1.88,1.18,1.59,1.41,1.76,1.59,1.59,1.59,0.62,0.65,0.59,0.97,0.94,1.0,31,29,23,14,7,2,15,13,13,9,4,2,16,16,10,5,3,0,3,5,11,20,27,32,2,4,4,8,13,15,1,1,7,12,14,17,91,85,68,41,21,6,88,76,76,53,24,12,94,94,59,29,18,0,9,15,32,59,79,94,12,24,24,47,76,88,6,6,41,71,82,100,28,19,7,12,10,5,16,9,2,82,56,21,71,59,29,94,53,12,32,47,18,17,18,24,12,71,65,76,21,24,18,32,35,29,11,7,4,32,41,24,18,10,8,53,59,47,11,5,6,32,29,35,24,24,24,32,35,29,44,41,47,4.59,4.35,4.82,2.15,1.59,2.71,85,71,59,44,35,21,12,12,1.51,1.51,1.5,1.39,1.34,1.44,82,4,4,5,4,13,5,4,5,8,7,4,9,6,7,6,5,3,7,29,18,41,38,35,41,6
41,Inter Milan,Italy,38,19,19,0,28,17,11,7,1,6,3,1,2,2.39,2.74,2.05,1,1,2,1,89,35,54,124,71,53,53,36,18,17,35,19,38,32,48,98,95,101,14,7,7,24,12,12,1,0,1,26,14,12,206,90,116,63,23,40,52,50,55,577,283,294,241,129,112,336,154,182,466,212,254,31,19,12,17,8,9,14,11,3,15,9,6,16,8,8,7,2,5,1.61,1.84,1.37,3.26,3.74,2.79,2.34,2.79,1.89,0.92,0.95,0.89,1.26,1.42,1.11,0.82,1.0,0.63,0.45,0.42,0.47,37,32,24,14,7,6,19,15,14,10,5,5,18,17,10,4,2,1,1,6,14,24,31,32,0,4,5,9,14,14,1,2,9,15,17,18,97,84,63,37,18,16,100,79,74,53,26,26,95,89,53,21,11,5,3,16,37,63,82,84,0,21,26,47,74,74,5,11,47,79,89,95,25,13,6,13,8,4,12,5,2,66,34,16,68,42,21,63,26,11,74,89,58,8,37,37,37,63,63,63,3,0,5,68,74,63,25,13,12,66,68,63,18,7,11,47,37,58,8,5,3,21,26,16,39,47,32,42,42,42,18,11,26,5.42,4.74,6.11,1.66,1.21,2.11,74,61,50,45,26,24,21,18,1.77,1.74,1.79,1.29,1.34,1.24,100,8,6,6,6,5,15,20,11,12,1,5,2,6,4,2,7,4,4,18,5,32,8,5,11,8
42,Juventus,Italy,38,19,19,0,23,14,9,9,2,7,6,3,3,2.05,2.32,1.79,4,2,5,4,77,38,39,115,58,57,40,37,18,20,22,17,44,43,46,90,95,86,8,6,2,24,10,14,6,3,3,24,12,12,219,115,104,88,48,40,57,57,58,624,338,286,251,134,117,373,204,169,493,238,255,34,16,18,17,6,11,17,10,7,16,10,6,14,6,8,8,3,5,1.63,1.89,1.37,3.03,3.05,3.0,2.03,2.11,1.95,1.0,0.95,1.05,1.34,1.16,1.53,0.89,0.84,0.95,0.45,0.32,0.58,38,35,23,15,4,0,19,18,13,6,2,0,19,17,10,9,2,0,0,3,15,23,34,38,0,1,6,13,17,19,0,2,9,10,17,19,100,92,61,39,11,0,100,95,68,32,11,0,100,89,53,47,11,0,0,8,39,61,89,100,0,5,32,68,89,100,0,11,47,53,89,100,31,16,4,15,6,1,16,10,3,82,42,11,79,32,5,84,53,16,61,74,47,5,21,32,11,63,53,74,16,16,16,63,63,63,22,13,9,58,68,47,14,7,7,37,37,37,9,3,6,24,16,32,42,53,32,37,32,42,21,16,26,5.76,6.05,5.47,2.32,2.53,2.11,92,82,68,61,39,28,24,8,1.9,2.06,1.74,1.33,1.23,1.43,79,3,9,10,5,14,4,10,10,12,3,3,3,4,6,5,3,3,8,24,11,37,16,16,16,3
43,Köln,Germany,34,17,17,0,8,3,5,9,5,4,17,9,8,0.97,0.82,1.12,16,16,10,16,34,60,-26,94,51,43,20,14,31,29,-11,-15,90,76,110,51,49,53,5,2,3,20,12,8,12,4,8,11,4,7,135,65,70,64,30,34,46,47,45,385,210,175,134,70,64,251,140,111,386,202,184,16,8,8,24,15,9,-8,-7,-1,6,2,4,18,9,9,10,6,4,1.06,0.88,1.24,2.76,3.0,2.53,1.0,1.18,0.82,1.76,1.82,1.71,1.18,1.35,1.0,0.47,0.47,0.47,0.71,0.88,0.53,31,25,20,11,6,1,16,13,11,8,3,0,15,12,9,3,3,1,3,9,14,23,28,33,1,4,6,9,14,17,2,5,8,14,14,16,91,74,59,32,18,3,94,76,65,47,18,0,88,71,53,18,18,6,9,26,41,68,82,97,6,24,35,53,82,100,12,29,47,82,82,94,21,16,3,11,10,2,10,6,1,62,47,9,65,59,12,59,35,6,24,18,29,8,15,12,18,59,71,47,35,24,47,32,24,41,18,7,11,53,41,65,22,11,11,65,65,65,7,5,2,21,29,12,18,12,24,53,53,53,29,35,24,3.97,3.82,4.12,1.88,1.76,2.0,76,68,47,32,26,18,9,6,1.12,1.19,1.04,1.48,1.45,1.5,82,4,1,4,4,6,5,4,0,6,7,9,3,2,6,9,7,9,8,26,29,24,50,53,47,3
44,Lazio,Italy,38,19,19,0,21,13,8,5,3,2,12,3,9,1.79,2.21,1.37,6,4,7,6,61,55,6,116,59,57,36,25,23,32,13,-7,56,48,68,62,74,54,12,7,5,21,12,9,6,1,5,23,12,11,189,99,90,110,61,49,53,52,54,546,260,286,221,115,106,325,145,180,491,249,242,25,14,11,27,11,16,-2,3,-5,14,8,6,10,6,4,14,5,9,1.37,1.58,1.16,3.05,3.11,3.0,1.61,1.89,1.32,1.45,1.21,1.68,1.37,1.32,1.42,0.66,0.74,0.58,0.71,0.58,0.84,37,32,20,11,7,4,18,15,12,5,4,2,19,17,8,6,3,2,1,6,18,27,31,34,1,4,7,14,15,17,0,2,11,13,16,17,97,84,53,29,18,11,95,79,63,26,21,11,100,89,42,32,16,11,3,16,47,71,82,89,5,21,37,74,79,89,0,11,58,68,84,89,31,15,5,14,7,3,17,8,2,82,39,13,74,37,16,89,42,11,55,68,42,17,32,37,26,55,63,47,16,5,26,61,63,58,19,11,8,50,58,42,19,10,9,50,53,47,7,3,4,18,16,21,37,42,32,26,32,21,37,26,47,4.97,5.21,4.74,2.89,3.21,2.58,82,74,55,42,34,24,18,13,1.61,1.58,1.65,1.34,1.25,1.43,74,6,7,7,4,4,12,5,6,10,5,6,4,4,10,4,7,8,7,13,16,11,32,16,47,11
45,Leeds United,England,38,19,19,0,18,8,10,5,5,0,15,6,9,1.55,1.53,1.58,9,7,10,9,62,54,8,116,49,67,28,34,21,33,7,1,55,61,50,63,81,52,12,6,6,19,10,9,10,6,4,18,8,10,229,118,111,63,33,30,58,58,57,562,283,279,237,124,113,325,159,166,423,215,208,25,11,14,34,13,21,-9,-2,-7,9,5,4,16,8,8,13,6,7,1.13,1.21,1.05,3.05,2.58,3.53,1.63,1.47,1.79,1.42,1.11,1.74,1.55,1.26,1.84,0.66,0.58,0.74,0.89,0.68,1.11,35,28,22,13,8,5,16,12,9,5,3,2,19,16,13,8,5,3,3,10,16,25,30,33,3,7,10,14,16,17,0,3,6,11,14,16,92,74,58,34,21,13,84,63,47,26,16,11,100,84,68,42,26,16,8,26,42,66,79,87,16,37,53,74,84,89,0,16,32,58,74,84,28,18,7,14,8,2,14,10,5,74,47,18,74,42,11,74,53,26,47,42,53,6,32,32,32,50,53,47,26,32,21,47,42,53,17,8,9,45,42,47,20,11,9,53,58,47,11,5,6,29,26,32,24,26,21,42,42,42,34,32,37,6.03,6.21,5.84,1.66,1.74,1.58,95,92,74,63,63,47,32,21,1.75,1.8,1.7,1.71,1.49,1.93,84,6,6,3,4,11,7,6,10,9,6,8,9,5,8,1,9,4,4,13,26,0,39,32,47,16
46,Leicester City,England,38,19,19,0,20,9,11,6,1,5,12,9,3,1.74,1.47,2.0,5,8,3,5,68,50,18,118,64,54,34,34,30,20,4,14,50,50,50,68,57,86,11,6,5,22,9,13,6,4,2,18,9,9,212,111,101,61,24,37,55,55,54,511,257,254,215,110,105,296,147,149,415,220,195,27,16,11,24,14,10,3,2,1,10,6,4,18,7,11,10,6,4,1.26,1.32,1.21,3.11,3.37,2.84,1.79,1.79,1.79,1.32,1.58,1.05,1.34,1.58,1.11,0.71,0.84,0.58,0.63,0.74,0.53,37,34,24,11,7,4,19,17,13,8,4,3,18,17,11,3,3,1,1,4,14,27,31,34,0,2,6,11,15,16,1,2,8,16,16,18,97,89,63,29,18,11,100,89,68,42,21,16,95,89,58,16,16,5,3,11,37,71,82,89,0,11,32,58,79,84,5,11,42,84,84,95,28,20,3,16,11,3,12,9,0,74,53,8,84,58,16,63,47,0,53,47,58,-10,29,32,26,58,47,68,16,21,11,47,47,47,20,9,11,53,47,58,19,8,11,50,42,58,9,5,4,24,26,21,26,32,21,47,37,58,26,32,21,5.58,5.84,5.32,1.61,1.26,1.95,92,79,76,57,39,32,26,18,1.54,1.56,1.53,1.28,1.3,1.25,87,4,6,6,6,7,6,8,12,13,4,4,8,4,8,3,5,6,8,16,5,26,32,47,16,13
47,Lens,France,38,19,19,0,15,7,8,12,7,5,11,5,6,1.5,1.47,1.53,7,8,6,7,55,54,1,109,54,55,28,27,26,28,2,-1,62,61,63,63,66,61,8,4,4,24,12,12,8,5,3,20,11,9,194,101,93,98,46,52,51,51,52,464,224,240,179,85,94,285,139,146,520,262,258,28,13,15,24,10,14,4,3,1,16,8,8,9,7,2,13,4,9,1.5,1.63,1.37,2.87,2.84,2.89,1.45,1.47,1.42,1.42,1.37,1.47,1.37,1.21,1.53,0.74,0.68,0.79,0.63,0.53,0.74,36,31,22,11,6,1,17,14,11,6,3,1,19,17,11,5,3,0,2,7,16,27,32,37,2,5,8,13,16,18,0,2,8,14,16,19,95,82,58,29,16,3,89,74,58,32,16,5,100,89,58,26,16,0,5,18,42,71,84,97,11,26,42,68,84,95,0,11,42,74,84,100,31,13,8,13,7,3,18,6,5,82,34,21,68,37,16,95,32,26,39,37,42,3,21,21,21,63,63,63,21,26,16,53,58,47,18,12,6,47,63,32,18,9,9,47,47,47,9,4,5,24,21,26,42,42,42,24,37,11,34,21,47,5.11,5.32,4.89,2.58,2.42,2.74,84,76,61,47,34,28,16,16,1.35,1.32,1.39,1.28,1.28,1.27,68,3,7,7,11,3,5,7,4,8,3,5,7,8,6,6,3,4,12,32,37,26,29,26,32,13
48,Levante UD,Spain,38,19,19,0,9,5,4,14,9,5,15,5,10,1.08,1.26,0.89,14,14,11,14,46,57,-11,103,57,46,27,19,30,27,-3,-8,74,63,90,60,57,63,4,2,2,23,13,10,11,4,7,13,10,3,173,90,83,72,37,35,52,52,53,413,240,173,174,102,72,239,138,101,505,248,257,25,13,12,26,13,13,-1,0,-1,8,5,3,20,8,12,10,6,4,1.16,1.21,1.11,2.71,3.0,2.42,1.21,1.42,1.0,1.5,1.58,1.42,1.34,1.37,1.32,0.66,0.68,0.63,0.68,0.68,0.68,38,30,16,10,4,4,19,16,9,6,3,3,19,14,7,4,1,1,0,8,22,28,34,34,0,3,10,13,16,16,0,5,12,15,18,18,100,79,42,26,11,11,100,84,47,32,16,16,100,74,37,21,5,5,0,21,58,74,89,89,0,16,53,68,84,84,0,26,63,79,95,95,27,15,6,14,8,3,13,7,3,71,39,16,74,42,16,68,37,16,24,26,21,6,11,11,11,61,68,53,29,21,37,34,53,16,17,9,8,45,47,42,19,9,10,50,47,53,13,6,7,34,32,37,21,26,16,53,42,63,26,32,21,4.55,4.74,4.37,1.89,1.95,1.84,79,66,61,47,28,26,18,11,1.27,1.45,1.09,1.46,1.38,1.56,68,5,5,7,5,4,7,3,4,6,5,9,4,7,1,8,5,11,7,37,47,26,39,26,53,3
49,Lille,France,38,19,19,0,24,10,14,11,7,4,3,2,1,2.18,1.95,2.42,1,3,1,1,64,23,41,87,39,48,28,36,11,12,17,24,54,61,48,148,155,143,21,10,11,17,9,8,4,3,1,25,11,14,184,124,60,70,30,40,54,58,50,512,294,218,209,102,107,303,192,111,465,229,236,27,11,16,16,9,7,11,2,9,18,7,11,12,7,5,8,5,3,1.74,1.47,2.0,2.29,2.05,2.53,1.68,1.47,1.89,0.61,0.58,0.63,1.13,1.05,1.21,0.71,0.58,0.84,0.42,0.47,0.37,34,28,15,6,4,0,16,14,7,2,0,0,18,14,8,4,4,0,4,10,23,32,34,38,3,5,12,17,19,19,1,5,11,15,15,19,89,74,39,16,11,0,84,74,37,11,0,0,95,74,42,21,21,0,11,26,61,84,89,100,16,26,63,89,100,100,5,26,58,79,79,100,27,9,6,13,4,3,14,5,3,71,24,16,68,21,16,74,26,16,63,53,74,-4,55,53,58,45,47,42,11,16,5,66,58,74,27,12,15,71,63,79,15,9,6,39,47,32,7,4,3,18,21,16,47,37,58,32,37,26,21,26,16,4.84,6.53,3.16,1.84,1.58,2.11,68,66,55,37,34,24,11,5,1.59,1.75,1.4,1.06,0.92,1.19,42,3,8,6,4,9,12,6,1,15,2,4,3,4,4,1,1,1,3,29,37,21,8,11,5,0
50,Liverpool,England,38,19,19,0,20,10,10,9,3,6,9,6,3,1.82,1.74,1.89,3,5,5,3,68,42,26,110,49,61,29,39,20,22,9,17,50,59,44,81,86,78,12,5,7,20,9,11,8,6,2,21,8,13,257,138,119,40,21,19,62,64,61,645,339,306,250,126,124,395,213,182,388,197,191,28,15,13,20,10,10,8,5,3,14,8,6,17,7,10,7,4,3,1.55,1.63,1.47,2.89,2.58,3.21,1.79,1.53,2.05,1.11,1.05,1.16,1.26,1.32,1.21,0.74,0.79,0.68,0.53,0.53,0.53,36,30,19,11,5,4,18,14,9,4,2,1,18,16,10,7,3,3,2,8,19,27,33,34,1,5,10,15,17,18,1,3,9,12,16,16,95,79,50,29,13,11,95,74,47,21,11,5,95,84,53,37,16,16,5,21,50,71,87,89,5,26,53,79,89,95,5,16,47,63,84,84,27,12,5,15,6,2,12,6,3,71,32,13,79,32,11,63,32,16,53,53,53,-5,32,26,37,53,47,58,21,32,11,55,42,68,22,10,12,58,53,63,17,8,9,45,42,47,10,5,5,26,26,26,37,42,32,45,37,53,18,21,16,6.76,7.26,6.26,1.05,1.11,1.0,87,71,68,55,37,32,24,16,2.17,2.28,2.07,1.19,1.13,1.25,74,4,3,4,9,12,8,10,4,14,5,4,4,4,5,2,3,4,11,24,16,32,24,32,16,11
51,Lorient,France,38,19,19,0,11,10,1,9,2,7,18,7,11,1.11,1.68,0.53,16,6,20,16,50,68,-18,118,60,58,31,19,29,39,2,-20,68,55,90,50,59,44,5,4,1,24,11,13,10,4,6,14,10,4,176,80,96,73,43,30,45,43,46,457,224,233,176,93,83,281,131,150,449,243,206,20,13,7,28,11,17,-8,2,-10,7,5,2,14,8,6,17,6,11,0.92,1.21,0.63,3.11,3.16,3.05,1.32,1.63,1.0,1.79,1.53,2.05,1.26,1.26,1.26,0.53,0.68,0.37,0.74,0.58,0.89,37,32,21,16,10,1,19,15,11,7,6,1,18,17,10,9,4,0,1,6,17,22,28,37,0,4,8,12,13,18,1,2,9,10,15,19,97,84,55,42,26,3,100,79,58,37,32,5,95,89,53,47,21,0,3,16,45,58,74,97,0,21,42,63,68,95,5,11,47,53,79,100,28,13,7,13,7,4,15,6,3,74,34,18,68,37,21,79,32,16,29,53,5,19,13,21,5,63,58,68,26,21,32,37,53,21,17,11,6,45,58,32,21,9,12,55,47,63,10,5,5,26,26,26,18,26,11,37,42,32,45,32,58,4.63,4.21,5.05,1.92,2.26,1.58,74,61,47,39,28,18,18,13,1.16,1.18,1.14,1.5,1.36,1.64,82,3,4,5,5,5,5,8,4,11,3,9,5,7,5,13,8,8,10,24,11,37,47,37,58,11
52,Mainz 05,Germany,34,17,17,0,10,4,6,9,4,5,15,9,6,1.15,0.94,1.35,12,15,8,12,39,56,-17,95,42,53,16,23,26,30,-10,-7,78,96,67,55,59,51,5,2,3,21,9,12,10,6,4,16,7,9,130,64,66,63,35,28,40,43,37,405,197,208,156,81,75,249,116,133,493,266,227,24,12,12,21,11,10,3,1,2,11,5,6,14,8,6,9,4,5,1.38,1.35,1.41,2.79,2.47,3.12,1.15,0.94,1.35,1.65,1.53,1.76,1.32,1.35,1.29,0.71,0.71,0.71,0.62,0.65,0.59,32,25,17,13,6,1,17,11,6,5,3,0,15,14,11,8,3,1,2,9,17,21,28,33,0,6,11,12,14,17,2,3,6,9,14,16,94,74,50,38,18,3,100,65,35,29,18,0,88,82,65,47,18,6,6,26,50,62,82,97,0,35,65,71,82,100,12,18,35,53,82,94,25,14,5,12,7,3,13,7,2,74,41,15,71,41,18,76,41,12,29,24,35,-6,15,12,18,62,53,71,29,35,24,47,41,53,17,8,9,50,47,53,18,9,9,53,53,53,8,5,3,24,29,18,32,29,35,41,47,35,26,24,29,3.82,3.76,3.88,1.85,2.06,1.65,68,59,44,41,28,26,15,9,1.32,1.33,1.32,1.55,1.48,1.62,74,5,4,3,8,6,3,2,1,7,0,5,8,5,6,4,9,10,9,26,24,29,44,53,35,3
53,Manchester City,England,38,19,19,0,27,13,14,5,2,3,6,4,2,2.26,2.16,2.37,1,1,1,1,83,32,51,115,60,55,43,40,17,15,26,25,41,40,43,107,101,114,19,10,9,17,8,9,3,1,2,30,16,14,247,141,106,50,22,28,64,66,61,630,342,288,254,139,115,376,203,173,352,176,176,43,22,21,13,7,6,30,15,15,22,12,10,12,5,7,4,2,2,2.05,2.16,1.95,3.03,3.16,2.89,2.18,2.26,2.11,0.84,0.89,0.79,1.47,1.53,1.42,1.13,1.16,1.11,0.34,0.37,0.32,37,31,19,13,9,3,19,16,10,6,5,2,18,15,9,7,4,1,1,7,19,25,29,35,0,3,9,13,14,17,1,4,10,12,15,18,97,82,50,34,24,8,100,84,53,32,26,11,95,79,47,37,21,5,3,18,50,66,76,92,0,16,47,68,74,89,5,21,53,63,79,95,32,15,6,18,8,2,14,7,4,84,39,16,95,42,11,74,37,21,71,68,74,-1,50,53,47,45,42,47,8,5,11,79,84,74,26,12,14,68,63,74,10,3,7,26,16,37,8,5,3,21,26,16,58,63,53,32,26,37,11,11,11,6.5,7.42,5.58,1.32,1.16,1.47,79,71,57,55,37,34,8,8,2.12,2.32,1.94,0.93,0.91,0.96,76,8,10,11,8,10,12,8,9,7,3,2,2,2,6,4,5,4,4,13,11,16,16,21,11,8
54,Manchester United,England,38,19,19,0,21,9,12,11,4,7,6,6,0,1.95,1.63,2.26,2,6,2,2,73,44,29,117,66,51,38,35,28,16,10,19,47,45,49,78,61,107,13,6,7,24,12,12,8,3,5,16,12,4,197,113,84,66,38,28,56,58,54,546,286,260,247,123,124,299,163,136,448,218,230,28,16,12,25,12,13,3,4,-1,9,5,4,20,9,11,9,5,4,1.24,1.26,1.21,3.08,3.47,2.68,1.92,2.0,1.84,1.16,1.47,0.84,1.39,1.47,1.32,0.74,0.84,0.63,0.66,0.63,0.68,31,26,23,17,9,5,17,13,12,8,5,5,14,13,11,9,4,0,7,12,15,21,29,33,2,6,7,11,14,14,5,6,8,10,15,19,82,68,61,45,24,13,89,68,63,42,26,26,74,68,58,47,21,0,18,32,39,55,76,87,11,32,37,58,74,74,26,32,42,53,79,100,25,16,7,12,7,4,13,9,3,66,42,18,63,37,21,68,47,16,55,47,63,-12,34,32,37,63,63,63,21,16,26,42,63,21,18,11,7,47,58,37,20,10,10,53,53,53,13,5,8,34,26,42,24,26,21,53,47,58,24,26,21,5.18,5.95,4.42,1.74,2.0,1.47,89,71,55,42,26,16,11,11,1.77,1.86,1.69,1.34,1.23,1.45,89,5,5,8,6,6,9,11,8,15,8,2,4,9,5,3,2,5,6,29,21,37,16,32,0,8
55,Metz,France,38,19,19,0,12,5,7,11,5,6,15,9,6,1.24,1.05,1.42,10,16,9,10,44,48,-4,92,45,47,19,25,26,22,-7,3,78,90,68,71,66,78,8,4,4,20,10,10,12,6,6,13,6,7,161,104,57,90,38,52,47,50,43,432,248,184,174,91,83,258,157,101,487,251,236,17,7,10,20,12,8,-3,-5,2,7,3,4,20,9,11,11,7,4,1.08,0.95,1.21,2.42,2.37,2.47,1.16,1.0,1.32,1.26,1.37,1.16,0.97,1.0,0.95,0.45,0.37,0.53,0.53,0.63,0.42,36,28,15,9,2,2,18,16,7,4,0,0,18,12,8,5,2,2,2,10,23,29,36,36,1,3,12,15,19,19,1,7,11,14,17,17,95,74,39,24,5,5,95,84,37,21,0,0,95,63,42,26,11,11,5,26,61,76,95,95,5,16,63,79,100,100,5,37,58,74,89,89,25,11,1,14,5,0,11,6,1,66,29,3,74,26,0,58,32,5,32,26,37,-12,21,21,21,53,53,53,32,32,32,34,32,37,20,8,12,53,42,63,23,12,11,61,63,58,8,4,4,21,21,21,18,16,21,53,47,58,29,37,21,4.24,5.47,3.0,2.37,2.0,2.74,87,71,66,57,45,21,13,11,1.29,1.48,1.1,1.42,1.32,1.51,55,1,4,3,6,6,2,3,7,12,1,8,2,7,6,5,6,3,10,29,26,32,39,47,32,5
56,Monaco,Monaco,38,19,19,0,24,12,12,6,5,1,8,2,6,2.05,2.16,1.95,3,1,4,3,76,42,34,118,64,54,43,33,21,21,22,12,45,40,52,81,81,81,15,7,8,20,11,9,5,2,3,25,12,13,218,112,106,88,46,42,56,56,56,507,262,245,204,109,95,303,153,150,473,248,225,28,14,14,21,11,10,7,3,4,18,8,10,11,5,6,9,6,3,1.71,1.53,1.89,3.11,3.37,2.84,2.0,2.26,1.74,1.11,1.11,1.11,1.29,1.32,1.26,0.74,0.74,0.74,0.55,0.58,0.53,36,30,27,14,7,2,18,18,16,9,3,0,18,12,11,5,4,2,2,8,11,24,31,36,1,1,3,10,16,19,1,7,8,14,15,17,95,79,71,37,18,5,95,95,84,47,16,0,95,63,58,26,21,11,5,21,29,63,82,95,5,5,16,53,84,100,5,37,42,74,79,89,29,12,6,14,7,4,15,5,2,76,32,16,74,37,21,79,26,11,63,63,63,0,39,37,42,53,58,47,13,11,16,66,63,68,27,13,14,71,68,74,16,9,7,42,47,37,4,2,2,11,11,11,47,42,53,29,26,32,24,32,16,5.74,5.89,5.58,2.32,2.42,2.21,76,74,55,39,28,18,13,8,1.59,1.66,1.5,1.03,0.94,1.12,82,6,6,10,3,10,10,9,11,11,5,3,5,6,4,3,9,1,6,16,26,5,21,11,32,3
57,Montpellier,France,38,19,19,0,14,7,7,12,4,8,12,8,4,1.42,1.32,1.53,8,10,5,8,60,62,-2,122,69,53,34,26,35,27,-1,-1,57,50,66,55,49,63,5,1,4,29,15,14,6,4,2,20,8,12,184,114,70,79,49,30,45,46,44,482,274,208,203,119,84,279,155,124,504,260,244,24,15,9,28,18,10,-4,-3,-1,10,5,5,17,8,9,11,6,5,1.24,1.21,1.26,3.21,3.63,2.79,1.58,1.79,1.37,1.63,1.84,1.42,1.37,1.74,1.0,0.63,0.79,0.47,0.74,0.95,0.53,36,33,24,17,8,3,18,17,14,10,6,3,18,16,10,7,2,0,2,5,14,21,30,35,1,2,5,9,13,16,1,3,9,12,17,19,95,87,63,45,21,8,95,89,74,53,32,16,95,84,53,37,11,0,5,13,37,55,79,92,5,11,26,47,68,84,5,16,47,63,89,100,28,14,6,16,10,4,12,4,2,74,37,16,84,53,21,63,21,11,37,37,37,0,13,5,21,76,79,74,16,21,11,53,42,63,18,7,11,47,37,58,19,8,11,50,42,58,11,7,4,29,37,21,26,26,26,45,42,47,29,32,26,4.84,6.0,3.68,2.08,2.58,1.58,84,82,74,61,45,39,26,21,1.43,1.64,1.23,1.69,1.56,1.81,89,5,7,5,4,11,7,11,4,6,6,2,7,8,9,5,9,7,9,32,21,42,32,42,21,13
58,Nantes,France,38,19,19,0,9,3,6,13,8,5,16,8,8,1.05,0.89,1.21,18,17,13,18,47,55,-8,102,50,52,21,26,29,26,-8,0,73,81,66,62,59,66,5,2,3,26,14,12,9,4,5,16,9,7,178,87,91,75,42,33,44,44,43,438,228,210,160,79,81,278,149,129,496,243,253,22,12,10,27,13,14,-5,-1,-4,12,6,6,10,6,4,16,7,9,1.21,1.26,1.16,2.68,2.63,2.74,1.24,1.11,1.37,1.45,1.53,1.37,1.29,1.32,1.26,0.58,0.63,0.53,0.71,0.68,0.74,36,35,21,8,2,0,18,18,11,3,0,0,18,17,10,5,2,0,2,3,17,30,36,38,1,1,8,16,19,19,1,2,9,14,17,19,95,92,55,21,5,0,95,95,58,16,0,0,95,89,53,26,11,0,5,8,45,79,95,100,5,5,42,84,100,100,5,11,47,74,89,100,32,14,3,16,8,1,16,6,2,84,37,8,84,42,5,84,32,11,24,16,32,-8,13,11,16,68,74,63,24,21,26,42,47,37,17,9,8,45,47,42,21,9,12,55,47,63,6,4,2,16,21,11,32,32,32,26,32,21,42,37,47,4.68,4.58,4.79,1.97,2.21,1.74,82,79,68,45,21,13,11,8,1.31,1.34,1.28,1.45,1.37,1.52,55,4,6,6,5,2,6,3,7,8,7,2,4,7,8,6,7,5,9,34,42,26,42,42,42,5
59,Napoli,Italy,38,19,19,0,24,12,12,5,4,1,9,3,6,2.03,2.11,1.95,5,5,4,5,86,41,45,127,70,57,50,36,20,21,30,15,40,34,48,83,86,81,14,6,8,21,12,9,3,1,2,27,15,12,214,112,102,77,39,38,55,54,56,668,335,333,262,142,120,406,193,213,375,180,195,37,23,14,13,4,9,24,19,5,20,13,7,11,4,7,7,2,5,1.87,2.26,1.47,3.34,3.68,3.0,2.26,2.63,1.89,1.08,1.05,1.11,1.32,1.42,1.21,0.97,1.21,0.74,0.34,0.21,0.47,38,34,21,15,10,7,19,18,11,9,6,5,19,16,10,6,4,2,0,4,17,23,28,31,0,1,8,10,13,14,0,3,9,13,15,17,100,89,55,39,26,18,100,95,58,47,32,26,100,84,53,32,21,11,0,11,45,61,74,82,0,5,42,53,68,74,0,16,47,68,79,89,29,12,6,15,5,4,14,7,2,76,32,16,79,26,21,74,37,11,63,63,63,10,37,32,42,55,63,47,8,5,11,71,79,63,27,15,12,71,79,63,15,6,9,39,32,47,5,2,3,13,11,16,53,68,37,29,21,37,18,11,26,5.63,5.89,5.37,2.03,2.05,2.0,74,66,57,47,37,28,21,13,2.16,2.16,2.16,1.26,1.25,1.26,82,5,7,10,12,5,10,13,12,12,1,4,4,3,2,8,7,7,5,13,21,5,24,16,32,13
60,Newcastle United,England,38,19,19,0,12,6,6,9,5,4,17,8,9,1.18,1.21,1.16,13,13,12,13,46,62,-16,108,59,49,26,20,33,29,-7,-9,74,66,86,55,52,59,7,2,5,21,14,7,12,4,8,17,11,6,161,81,80,67,36,31,38,40,36,431,254,177,181,101,80,250,153,97,371,183,188,18,13,5,26,14,12,-8,-1,-7,7,5,2,16,7,9,15,7,8,0.97,1.16,0.79,2.84,3.11,2.58,1.21,1.37,1.05,1.63,1.74,1.53,1.16,1.42,0.89,0.47,0.68,0.26,0.68,0.74,0.63,36,34,18,9,6,3,18,17,12,6,4,1,18,17,6,3,2,2,2,4,20,29,32,35,1,2,7,13,15,18,1,2,13,16,17,17,95,89,47,24,16,8,95,89,63,32,21,5,95,89,32,16,11,11,5,11,53,76,84,92,5,11,37,68,79,95,5,11,68,84,89,89,26,12,4,14,7,4,12,5,0,68,32,11,74,37,21,63,26,0,32,32,32,3,18,11,26,55,74,37,32,21,42,45,58,32,18,9,9,47,47,47,25,10,15,66,53,79,7,5,2,18,26,11,18,26,11,42,37,47,39,37,42,4.24,4.26,4.21,1.76,1.89,1.63,92,76,68,53,34,24,24,21,1.14,1.31,0.98,1.84,1.67,2.01,82,3,2,6,3,4,5,6,3,14,6,4,7,5,7,5,8,10,10,24,26,21,45,42,47,18
61,Nice,France,38,19,19,0,15,7,8,7,3,4,16,9,7,1.37,1.26,1.47,9,12,7,9,50,53,-3,103,55,48,25,25,30,23,-5,2,68,68,68,65,57,74,9,3,6,21,11,10,11,6,5,15,6,9,168,92,76,77,34,43,54,56,53,446,232,214,179,89,90,267,143,124,450,222,228,23,13,10,28,16,12,-5,-3,-2,10,5,5,13,6,7,15,8,7,1.13,1.11,1.16,2.71,2.89,2.53,1.32,1.32,1.32,1.39,1.58,1.21,1.34,1.53,1.16,0.61,0.68,0.53,0.74,0.84,0.63,35,32,23,9,4,0,18,16,14,5,2,0,17,16,9,4,2,0,3,6,15,29,34,38,1,3,5,14,17,19,2,3,10,15,17,19,92,84,61,24,11,0,95,84,74,26,11,0,89,84,47,21,11,0,8,16,39,76,89,100,5,16,26,74,89,100,11,16,53,79,89,100,28,17,5,15,10,3,13,7,2,74,45,13,79,53,16,68,37,11,39,37,42,-7,24,16,32,55,58,53,29,32,26,39,32,47,18,8,10,47,42,53,22,10,12,58,53,63,8,5,3,21,26,16,26,26,26,34,32,37,39,42,37,4.42,4.84,4.0,2.03,1.79,2.26,84,76,61,55,45,39,24,18,1.33,1.39,1.27,1.55,1.49,1.61,76,4,6,6,6,7,4,5,5,7,3,6,7,8,9,6,6,5,3,18,16,21,42,47,37,8
62,Nîmes,France,38,19,19,0,9,3,6,8,5,3,21,11,10,0.92,0.74,1.11,19,19,16,19,40,71,-31,111,61,50,22,18,39,32,-17,-14,86,78,95,48,44,54,8,3,5,18,10,8,13,6,7,14,7,7,161,89,72,67,35,32,44,46,43,402,201,201,160,74,86,242,127,115,421,227,194,13,8,5,34,16,18,-21,-8,-13,4,3,1,15,6,9,19,10,9,0.71,0.79,0.63,2.92,3.21,2.63,1.05,1.16,0.95,1.87,2.05,1.68,1.24,1.26,1.21,0.34,0.42,0.26,0.89,0.84,0.95,37,32,20,11,5,4,19,16,8,8,4,4,18,16,12,3,1,0,1,6,18,27,33,34,0,3,11,11,15,15,1,3,7,16,18,19,97,84,53,29,13,11,100,84,42,42,21,21,95,84,63,16,5,0,3,16,47,71,87,89,0,16,58,58,79,79,5,16,37,84,95,100,26,13,6,14,5,3,12,8,3,68,34,16,74,26,16,63,42,16,24,16,32,0,21,16,26,47,53,42,34,32,37,37,37,37,15,8,7,39,42,37,28,13,15,74,68,79,7,3,4,18,16,21,11,16,5,39,32,47,50,53,47,4.24,4.68,3.79,1.76,1.84,1.68,84,82,68,55,42,21,8,5,0.97,0.95,0.99,1.62,1.57,1.68,71,2,4,1,4,4,7,6,4,8,6,10,10,7,2,5,4,12,15,21,26,16,55,58,53,5
63,Olympique Lyonnais,France,38,19,19,0,22,11,11,10,3,7,6,5,1,2.0,1.89,2.11,4,4,3,4,81,43,38,124,65,59,42,39,23,20,19,19,42,41,44,80,74,86,11,6,5,26,12,14,3,2,1,21,11,10,232,137,95,80,34,46,55,57,53,605,322,283,248,127,121,357,195,162,468,240,228,43,23,20,18,9,9,25,14,11,19,10,9,12,6,6,7,3,4,1.82,1.89,1.74,3.26,3.42,3.11,2.13,2.21,2.05,1.13,1.21,1.05,1.61,1.68,1.53,1.13,1.21,1.05,0.47,0.47,0.47,36,31,25,16,13,2,18,16,15,8,7,1,18,15,10,8,6,1,2,7,13,22,25,36,1,3,4,11,12,18,1,4,9,11,13,18,95,82,66,42,34,5,95,84,79,42,37,5,95,79,53,42,32,5,5,18,34,58,66,95,5,16,21,58,63,95,5,21,47,58,68,95,30,18,9,15,10,5,15,8,4,79,47,24,79,53,26,79,42,21,58,58,58,-2,29,32,26,68,63,74,8,11,5,55,58,53,21,11,10,55,58,53,15,7,8,39,37,42,10,5,5,26,26,26,50,53,47,32,32,32,18,16,21,6.11,7.21,5.0,2.11,1.79,2.42,84,74,68,53,42,28,24,21,2.0,2.11,1.88,1.31,1.23,1.39,95,4,8,9,12,13,6,9,9,11,1,5,3,5,7,10,4,2,6,26,16,37,16,26,5,16
64,Olympique Marseille,France,38,19,19,0,16,10,6,12,5,7,10,4,6,1.58,1.84,1.32,5,5,11,5,54,47,7,101,55,46,32,22,23,24,9,-2,63,54,78,73,74,71,8,2,6,24,14,10,8,3,5,18,9,9,174,97,77,112,47,65,54,56,52,419,244,175,175,102,73,244,142,102,504,235,269,25,13,12,14,6,8,11,7,4,15,8,7,17,8,9,6,3,3,1.63,1.68,1.58,2.66,2.89,2.42,1.42,1.68,1.16,1.24,1.21,1.26,1.03,1.0,1.05,0.66,0.68,0.63,0.37,0.32,0.42,36,30,17,12,5,1,19,17,9,7,3,0,17,13,8,5,2,1,2,8,21,26,33,37,0,2,10,12,16,19,2,6,11,14,17,18,95,79,45,32,13,3,100,89,47,37,16,0,89,68,42,26,11,5,5,21,55,68,87,97,0,11,53,63,84,100,11,32,58,74,89,95,24,12,3,13,6,0,11,6,3,63,32,8,68,32,0,58,32,16,42,53,32,10,21,11,32,63,74,53,21,16,26,47,47,47,26,14,12,68,74,63,20,9,11,53,47,58,6,2,4,16,11,21,39,42,37,45,42,47,16,16,16,4.58,5.11,4.05,2.95,2.47,3.42,84,76,68,53,34,24,11,8,1.13,1.33,0.95,1.39,1.22,1.55,61,4,5,2,3,12,7,2,7,12,4,2,4,2,8,5,3,8,11,32,26,37,26,21,32,5
65,PSG,France,38,19,19,0,26,13,13,4,1,3,8,5,3,2.16,2.11,2.21,2,2,2,2,86,28,58,114,58,56,44,42,14,14,30,28,40,39,41,122,122,122,19,9,10,14,6,8,6,4,2,28,13,15,218,124,94,87,47,40,63,64,63,596,317,279,245,136,109,351,181,170,459,244,215,40,18,22,8,5,3,32,13,19,24,12,12,10,3,7,4,4,0,2.16,2.05,2.26,3.0,3.05,2.95,2.26,2.32,2.21,0.74,0.74,0.74,1.26,1.21,1.32,1.05,0.95,1.16,0.21,0.26,0.16,37,30,23,15,6,2,19,15,13,7,2,1,18,15,10,8,4,1,1,8,15,23,32,36,0,4,6,12,17,18,1,4,9,11,15,18,97,79,61,39,16,5,100,79,68,37,11,5,95,79,53,42,21,5,3,21,39,61,84,95,0,21,32,63,89,95,5,21,47,58,79,95,31,15,2,16,6,1,15,9,1,82,39,5,84,32,5,79,47,5,68,68,68,0,50,47,53,37,32,42,16,21,11,74,68,79,30,14,16,79,74,84,11,7,4,29,37,21,4,1,3,11,5,16,63,63,63,26,16,37,11,21,0,5.74,6.53,4.95,2.29,2.47,2.11,74,74,63,50,32,21,16,16,2.01,2.15,1.87,1.17,1.12,1.23,74,6,8,10,11,8,8,9,9,17,2,2,0,3,3,6,5,3,4,11,5,16,21,26,16,11
66,Parma,Italy,38,19,19,0,3,2,1,11,5,6,24,12,12,0.53,0.58,0.47,20,20,19,20,39,83,-44,122,55,67,16,23,39,44,-23,-21,87,107,74,41,44,39,5,5,0,21,8,13,15,9,6,13,4,9,154,90,64,93,47,46,48,48,48,432,251,181,156,86,70,276,165,111,515,265,250,19,8,11,34,16,18,-15,-8,-7,9,4,5,13,7,6,16,8,8,1.05,1.0,1.11,3.21,2.89,3.53,1.03,0.84,1.21,2.18,2.05,2.32,1.39,1.26,1.53,0.5,0.42,0.58,0.89,0.84,0.95,35,32,26,16,6,4,16,15,11,7,2,2,19,17,15,9,4,2,3,6,12,22,32,34,3,4,8,12,17,17,0,2,4,10,15,17,92,84,68,42,16,11,84,79,58,37,11,11,100,89,79,47,21,11,8,16,32,58,84,89,16,21,42,63,89,89,0,11,21,53,79,89,29,18,5,13,8,2,16,10,3,76,47,13,68,42,11,84,53,16,8,11,5,-6,13,26,0,55,42,68,39,47,32,34,21,47,17,10,7,45,53,37,22,12,10,58,63,53,8,3,5,21,16,26,24,21,26,34,37,32,42,42,42,4.05,4.74,3.37,2.45,2.47,2.42,66,61,57,50,42,37,28,16,0.99,1.13,0.86,1.69,1.62,1.76,68,6,3,4,6,3,6,4,3,4,2,7,11,7,12,7,16,4,17,29,26,32,63,63,63,11
67,RB Leipzig,Germany,34,17,17,0,19,11,8,8,4,4,7,2,5,1.91,2.18,1.65,2,3,3,2,60,32,28,92,42,50,29,31,13,19,16,12,51,53,49,96,118,80,15,8,7,17,8,9,4,3,1,23,10,13,185,97,88,57,29,28,60,61,59,565,310,255,224,114,110,341,196,145,425,220,205,25,12,13,15,6,9,10,6,4,11,6,5,17,8,9,6,3,3,1.47,1.53,1.41,2.71,2.47,2.94,1.76,1.71,1.82,0.94,0.76,1.12,1.18,1.06,1.29,0.74,0.71,0.76,0.44,0.35,0.53,32,25,19,10,5,1,15,12,9,5,1,0,17,13,10,5,4,1,2,9,15,24,29,33,2,5,8,12,16,17,0,4,7,12,13,16,94,74,56,29,15,3,88,71,53,29,6,0,100,76,59,29,24,6,6,26,44,71,85,97,12,29,47,71,94,100,0,24,41,71,76,94,21,12,5,10,7,1,11,5,4,62,35,15,59,41,6,65,29,24,56,65,47,8,44,47,41,50,47,53,12,18,6,68,59,76,24,13,11,71,76,65,18,10,8,53,59,47,5,1,4,15,6,24,32,35,29,50,47,53,18,18,18,5.44,5.71,5.18,1.68,1.71,1.65,79,62,53,47,35,28,12,6,1.91,2.05,1.76,0.97,0.88,1.06,56,1,5,7,5,12,9,9,7,5,3,3,3,4,5,4,3,4,3,24,24,24,21,12,29,0
68,Real Betis,Spain,38,19,19,0,17,10,7,10,5,5,11,4,7,1.61,1.84,1.37,6,5,7,6,50,50,0,100,48,52,27,23,21,29,6,-6,68,63,74,68,81,59,13,7,6,18,10,8,9,3,6,19,10,9,184,96,88,103,46,57,54,55,53,467,235,232,184,97,87,283,138,145,510,272,238,19,13,6,22,8,14,-3,5,-8,10,7,3,19,9,10,9,3,6,1.29,1.58,1.0,2.63,2.53,2.74,1.32,1.42,1.21,1.32,1.11,1.53,1.08,1.11,1.05,0.5,0.68,0.32,0.58,0.42,0.74,36,29,15,10,6,2,18,14,8,5,3,0,18,15,7,5,3,2,2,9,23,28,32,36,1,5,11,14,16,19,1,4,12,14,16,17,95,76,39,26,16,5,95,74,42,26,16,0,95,79,37,26,16,11,5,24,61,74,84,95,5,26,58,74,84,100,5,21,63,74,84,89,22,13,5,11,7,3,11,6,2,58,34,13,58,37,16,58,32,11,45,53,37,12,34,37,32,47,53,42,24,16,32,50,53,47,23,12,11,61,63,58,24,11,13,63,58,68,7,4,3,18,21,16,26,37,16,50,47,53,24,16,32,4.84,5.05,4.63,2.71,2.42,3.0,87,76,66,45,28,13,8,3,1.42,1.45,1.39,1.23,1.09,1.37,87,3,6,2,4,5,6,3,10,11,4,6,6,4,9,6,7,1,7,26,26,26,29,21,37,0
69,Real Madrid,Spain,38,19,19,0,25,13,12,9,3,6,4,3,1,2.21,2.21,2.21,2,3,1,2,67,28,39,95,46,49,33,34,13,15,20,19,51,52,50,122,132,114,17,9,8,20,9,11,5,2,3,26,12,14,224,119,105,61,24,37,60,59,60,569,312,257,210,103,107,359,209,150,394,185,209,29,11,18,13,5,8,16,6,10,15,7,8,16,8,8,7,4,3,1.61,1.53,1.68,2.5,2.42,2.58,1.76,1.74,1.79,0.74,0.68,0.79,1.11,0.84,1.37,0.76,0.58,0.95,0.34,0.26,0.42,34,29,17,10,5,0,18,16,8,3,1,0,16,13,9,7,4,0,4,9,21,28,33,38,1,3,11,16,18,19,3,6,10,12,15,19,89,76,45,26,13,0,95,84,42,16,5,0,84,68,47,37,21,0,11,24,55,74,87,100,5,16,58,84,95,100,16,32,53,63,79,100,24,12,6,12,4,0,12,8,6,63,32,16,63,21,0,63,42,32,66,68,63,4,45,47,42,53,47,58,13,11,16,68,63,74,27,14,13,71,74,68,19,11,8,50,58,42,6,1,5,16,5,26,39,37,42,42,42,42,18,21,16,5.89,6.26,5.53,1.61,1.26,1.95,87,71,63,47,34,26,16,16,1.89,2.04,1.76,1.09,1.03,1.15,71,4,11,4,3,8,6,8,7,16,2,3,2,5,3,6,2,5,0,24,16,32,11,16,5,13
70,Real Sociedad,Spain,38,19,19,0,17,9,8,11,6,5,10,4,6,1.63,1.74,1.53,5,6,5,5,59,38,21,97,55,42,34,25,21,17,13,8,58,50,68,90,81,101,14,6,8,20,11,9,6,3,3,23,11,12,196,101,95,83,46,37,55,55,55,460,231,229,189,96,93,271,135,136,548,264,284,29,17,12,16,7,9,13,10,3,15,9,6,16,7,9,7,3,4,1.61,1.79,1.42,2.55,2.89,2.21,1.55,1.79,1.32,1.0,1.11,0.89,1.18,1.26,1.11,0.76,0.89,0.63,0.42,0.37,0.47,36,27,17,9,6,1,18,16,9,6,4,1,18,11,8,3,2,0,2,11,21,29,32,37,1,3,10,13,15,18,1,8,11,16,17,19,95,71,45,24,16,3,95,84,47,32,21,5,95,58,42,16,11,0,5,29,55,76,84,97,5,16,53,68,79,95,5,42,58,84,89,100,25,13,5,13,7,3,12,6,2,66,34,13,68,37,16,63,32,11,45,47,42,2,37,32,42,53,58,47,16,16,16,61,58,63,27,14,13,71,74,68,18,8,10,47,42,53,6,3,3,16,16,16,39,47,32,42,37,47,18,16,21,5.16,5.32,5.0,2.18,2.42,1.95,74,61,47,28,21,16,8,5,1.47,1.48,1.45,1.11,1.15,1.07,79,5,3,11,7,6,8,3,7,9,4,2,5,3,5,3,3,5,8,29,32,26,26,21,32,5
71,Real Valladolid,Spain,38,19,19,0,5,3,2,16,7,9,17,9,8,0.82,0.84,0.79,19,19,14,19,34,57,-23,91,49,42,19,15,30,27,-11,-12,101,90,114,60,57,63,3,0,3,23,14,9,14,5,9,14,9,5,145,60,85,101,51,50,45,45,45,396,194,202,159,85,74,237,109,128,510,268,242,14,10,4,23,10,13,-9,0,-9,10,7,3,16,7,9,12,5,7,1.21,1.47,0.95,2.39,2.58,2.21,0.89,1.0,0.79,1.5,1.58,1.42,0.97,1.05,0.89,0.37,0.53,0.21,0.61,0.53,0.68,36,30,15,8,2,0,19,17,9,3,1,0,17,13,6,5,1,0,2,8,23,30,36,38,0,2,10,16,18,19,2,6,13,14,18,19,95,79,39,21,5,0,100,89,47,16,5,0,89,68,32,26,5,0,5,21,61,79,95,100,0,11,53,84,95,100,11,32,68,74,95,100,24,9,3,13,5,2,11,4,1,63,24,8,68,26,11,58,21,5,13,16,11,4,8,0,16,61,74,47,37,26,47,37,47,26,23,12,11,61,63,58,25,10,15,66,53,79,4,3,1,11,16,5,26,37,16,42,37,47,32,26,37,3.82,3.16,4.47,2.66,2.68,2.63,76,68,55,45,24,21,13,8,1.09,1.09,1.1,1.53,1.39,1.66,50,2,4,1,4,4,4,4,4,7,3,3,7,6,7,7,9,4,11,42,37,47,45,47,42,0
72,Reims,France,38,19,19,0,9,4,5,15,8,7,14,7,7,1.11,1.05,1.16,14,15,15,14,42,50,-8,92,37,55,16,26,21,29,-5,-3,81,107,66,68,81,59,10,6,4,20,9,11,14,9,5,19,9,10,146,76,70,91,47,44,45,45,44,395,208,187,160,79,81,235,129,106,413,220,193,23,10,13,19,8,11,4,2,2,11,6,5,17,8,9,10,5,5,1.32,1.37,1.26,2.42,1.95,2.89,1.11,0.84,1.37,1.32,1.11,1.53,1.11,0.95,1.26,0.61,0.53,0.68,0.5,0.42,0.58,32,24,19,12,2,1,14,10,7,5,1,0,18,14,12,7,1,1,6,14,19,26,36,37,5,9,12,14,18,19,1,5,7,12,18,18,84,63,50,32,5,3,74,53,37,26,5,0,95,74,63,37,5,5,16,37,50,68,95,97,26,47,63,74,95,100,5,26,37,63,95,95,25,12,5,12,4,2,13,8,3,66,32,13,63,21,11,68,42,16,24,21,26,-4,26,32,21,53,47,58,37,47,26,50,47,53,22,12,10,58,63,53,21,11,10,55,58,53,8,3,5,21,16,26,29,32,26,45,42,47,26,26,26,3.84,4.0,3.68,2.39,2.47,2.32,76,57,50,37,24,21,13,11,0.94,1.01,0.89,1.54,1.45,1.62,61,2,9,4,7,3,4,3,6,4,1,5,6,2,8,4,7,9,8,39,42,37,37,37,37,5
73,Rennes,France,38,19,19,0,16,9,7,10,4,6,12,6,6,1.53,1.63,1.42,6,7,8,6,52,40,12,92,47,45,26,26,21,19,5,7,66,66,66,86,81,90,10,4,6,20,11,9,10,4,6,15,8,7,198,116,82,90,45,45,59,63,56,542,292,250,190,104,86,352,188,164,485,252,233,20,10,10,22,11,11,-2,-1,-1,13,6,7,12,6,6,13,7,6,1.34,1.26,1.42,2.42,2.47,2.37,1.37,1.37,1.37,1.05,1.11,1.0,1.11,1.11,1.11,0.53,0.53,0.53,0.58,0.58,0.58,36,27,19,6,2,2,19,14,9,3,1,1,17,13,10,3,1,1,2,11,19,32,36,36,0,5,10,16,18,18,2,6,9,16,18,18,95,71,50,16,5,5,100,74,47,16,5,5,89,68,53,16,5,5,5,29,50,84,95,95,0,26,53,84,95,95,11,32,47,84,95,95,30,10,2,16,4,1,14,6,1,79,26,5,84,21,5,74,32,5,42,47,37,-3,26,21,32,53,58,47,26,21,32,39,42,37,19,8,11,50,42,58,21,10,11,55,53,58,6,4,2,16,21,11,34,32,37,32,32,32,34,37,32,5.21,6.11,4.32,2.37,2.37,2.37,82,66,53,32,16,11,3,3,1.65,1.78,1.52,1.14,1.1,1.18,55,1,6,7,5,2,5,7,9,10,2,7,9,3,1,6,1,5,6,26,21,32,32,32,32,3
74,Roma,Italy,38,19,19,0,18,13,5,8,4,4,12,2,10,1.63,2.26,1.0,7,3,14,7,68,58,10,126,60,66,42,26,18,40,24,-14,50,41,66,59,95,43,11,9,2,20,9,11,9,2,7,22,14,8,219,107,112,91,53,38,53,52,53,599,323,276,242,131,111,357,192,165,534,278,256,36,21,15,20,7,13,16,14,2,18,12,6,9,4,5,10,3,7,1.7,2.11,1.28,3.32,3.16,3.47,1.79,2.21,1.37,1.53,0.95,2.11,1.51,1.47,1.56,0.97,1.11,0.83,0.54,0.37,0.72,36,32,25,19,8,4,18,15,11,8,4,2,18,17,14,11,4,2,2,6,13,19,30,34,1,4,8,11,15,17,1,2,5,8,15,17,95,84,66,50,21,11,95,79,58,42,21,11,95,89,74,58,21,11,5,16,34,50,79,89,5,21,42,58,79,89,5,11,26,42,79,89,31,15,7,16,8,4,15,7,3,84,41,19,84,42,21,83,39,17,47,68,26,31,29,47,11,53,47,58,24,11,37,58,74,42,21,13,8,57,68,44,15,6,9,41,32,50,7,3,4,19,16,22,49,63,33,24,21,28,27,16,39,5.76,5.63,5.89,2.39,2.79,2.0,76,68,61,53,37,32,21,16,1.79,1.9,1.69,1.33,1.2,1.46,100,6,7,9,8,9,4,7,9,9,5,4,6,2,5,11,9,5,8,21,21,21,32,11,53,8
75,SD Eibar,Spain,38,19,19,0,6,2,4,12,7,5,20,10,10,0.79,0.68,0.89,20,20,12,20,29,52,-23,81,33,48,12,17,21,31,-9,-14,118,143,101,66,81,55,9,6,3,19,7,12,14,10,4,12,3,9,198,101,97,73,43,30,50,52,47,464,267,197,160,92,68,304,175,129,493,255,238,11,4,7,31,14,17,-20,-10,-10,3,1,2,17,9,8,18,9,9,0.68,0.63,0.74,2.13,1.74,2.53,0.76,0.63,0.89,1.37,1.11,1.63,1.11,0.95,1.26,0.29,0.21,0.37,0.82,0.74,0.89,34,26,13,5,3,0,15,11,5,2,0,0,19,15,8,3,3,0,4,12,25,33,35,38,4,8,14,17,19,19,0,4,11,16,16,19,89,68,34,13,8,0,79,58,26,11,0,0,100,79,42,16,16,0,11,32,66,87,92,100,21,42,74,89,100,100,0,21,58,84,84,100,26,12,3,12,5,1,14,7,2,68,32,8,63,26,5,74,37,11,16,11,21,1,24,32,16,50,37,63,37,53,21,32,16,47,15,8,7,39,42,37,27,15,12,71,79,63,8,3,5,21,16,26,8,5,11,45,47,42,47,47,47,5.21,5.32,5.11,1.92,2.26,1.58,76,66,53,32,28,21,13,8,1.42,1.64,1.19,1.22,1.09,1.35,66,2,2,3,2,6,7,2,1,4,7,4,4,10,8,2,5,4,8,32,37,26,53,53,53,8
76,SD Huesca,Spain,38,19,19,0,7,5,2,13,7,6,18,7,11,0.89,1.16,0.63,18,17,20,18,34,53,-19,87,38,49,17,17,21,32,-4,-15,101,101,101,65,81,54,9,7,2,18,7,11,16,9,7,12,6,6,156,78,78,72,34,38,48,50,46,424,234,190,167,89,78,257,145,112,515,259,256,15,8,7,20,9,11,-5,-1,-4,7,3,4,19,11,8,12,5,7,1.05,1.05,1.05,2.29,2.0,2.58,0.89,0.89,0.89,1.39,1.11,1.68,0.92,0.89,0.95,0.39,0.42,0.37,0.53,0.47,0.58,33,24,12,9,6,2,15,10,5,4,2,1,18,14,7,5,4,1,5,14,26,29,32,36,4,9,14,15,17,18,1,5,12,14,15,18,87,63,32,24,16,5,79,53,26,21,11,5,95,74,37,26,21,5,13,37,68,76,84,95,21,47,74,79,89,95,5,26,63,74,79,95,21,7,5,9,3,3,12,4,2,55,18,13,47,16,16,63,21,11,18,26,11,10,24,37,11,47,37,58,42,47,37,32,32,32,22,11,11,58,58,58,27,15,12,71,79,63,6,3,3,16,16,16,18,16,21,50,58,42,32,26,37,4.11,4.11,4.11,1.89,1.79,2.0,74,61,53,37,26,21,5,0,1.26,1.39,1.12,1.33,1.23,1.44,63,2,3,2,4,8,4,4,2,5,4,2,1,9,4,11,5,4,13,34,37,32,47,37,58,0
77,Saint-Étienne,France,38,19,19,0,12,5,7,10,6,4,16,8,8,1.21,1.11,1.32,11,14,12,11,42,54,-12,96,49,47,20,22,29,25,-9,-3,81,86,78,63,59,68,12,5,7,18,9,9,11,6,5,18,8,10,191,109,82,80,38,42,48,48,48,449,231,218,161,81,80,288,150,138,508,247,261,21,10,11,26,14,12,-5,-4,-1,13,6,7,12,5,7,13,8,5,1.34,1.21,1.47,2.53,2.58,2.47,1.11,1.05,1.16,1.42,1.53,1.32,1.24,1.26,1.21,0.55,0.53,0.58,0.68,0.74,0.63,35,28,17,11,5,0,18,14,8,6,3,0,17,14,9,5,2,0,3,10,21,27,33,38,1,5,11,13,16,19,2,5,10,14,17,19,92,74,45,29,13,0,95,74,42,32,16,0,89,74,47,26,11,0,8,26,55,71,87,100,5,26,58,68,84,100,11,26,53,74,89,100,30,11,4,16,6,2,14,5,2,79,29,11,84,32,11,74,26,11,32,26,37,-7,32,26,37,47,47,47,29,32,26,47,42,53,19,8,11,50,42,58,19,10,9,50,53,47,8,4,4,21,21,21,34,32,37,32,26,37,34,42,26,5.03,5.74,4.32,2.11,2.0,2.21,87,82,66,53,34,24,18,16,1.16,1.2,1.13,1.3,1.36,1.25,63,3,8,6,3,2,5,3,6,6,6,7,6,7,1,5,6,7,9,26,32,21,42,42,42,8
78,Sampdoria,Italy,38,19,19,0,15,9,6,7,3,4,16,7,9,1.37,1.58,1.16,9,7,8,9,52,54,-2,106,58,48,32,20,26,28,6,-8,66,54,86,63,66,61,7,4,3,23,12,11,8,3,5,18,10,8,199,115,84,87,40,47,45,46,44,446,227,219,186,98,88,260,129,131,486,233,253,25,16,9,22,13,9,3,3,0,12,7,5,14,5,9,12,7,5,1.32,1.37,1.26,2.79,3.05,2.53,1.37,1.68,1.05,1.42,1.37,1.47,1.24,1.53,0.95,0.66,0.84,0.47,0.58,0.68,0.47,38,32,22,10,3,1,19,18,13,6,2,0,19,14,9,4,1,1,0,6,16,28,35,37,0,1,6,13,17,19,0,5,10,15,18,18,100,84,58,26,8,3,100,95,68,32,11,0,100,74,47,21,5,5,0,16,42,74,92,97,0,5,32,68,89,100,0,26,53,79,95,95,29,13,4,18,9,2,11,4,2,76,34,11,95,47,11,58,21,11,39,47,32,14,18,21,16,61,63,58,21,16,26,47,53,42,19,6,13,50,32,68,19,8,11,50,42,58,9,6,3,24,32,16,32,37,26,37,26,47,32,37,26,5.24,6.05,4.42,2.29,2.11,2.47,87,84,68,57,42,34,24,18,1.37,1.39,1.34,1.68,1.68,1.68,79,2,4,6,8,6,6,5,8,7,2,6,5,5,5,7,10,8,6,18,16,21,42,37,47,16
79,Sassuolo,Italy,38,19,19,0,17,7,10,11,8,3,10,4,6,1.63,1.53,1.74,8,9,6,8,64,56,8,120,58,62,31,33,27,29,4,4,54,55,52,61,63,59,8,4,4,28,14,14,4,2,2,19,8,11,208,96,112,82,45,37,61,62,60,573,293,280,224,112,112,349,181,168,483,250,233,19,7,12,27,15,12,-8,-8,0,9,4,5,15,6,9,14,9,5,1.11,0.95,1.26,3.16,3.05,3.26,1.68,1.63,1.74,1.47,1.42,1.53,1.21,1.16,1.26,0.5,0.37,0.63,0.71,0.79,0.63,36,33,23,14,9,4,18,16,11,7,4,2,18,17,12,7,5,2,2,5,15,24,29,34,1,3,8,12,15,17,1,2,7,12,14,17,95,87,61,37,24,11,95,84,58,37,21,11,95,89,63,37,26,11,5,13,39,63,76,89,5,16,42,63,79,89,5,11,37,63,74,89,30,14,2,15,6,1,15,8,1,79,37,5,79,32,5,79,42,5,45,37,53,0,21,21,21,74,74,74,11,11,11,50,42,58,16,7,9,42,37,47,21,13,8,55,68,42,9,3,6,24,16,32,24,21,26,39,32,47,37,47,26,5.47,5.05,5.89,2.16,2.37,1.95,95,82,68,61,42,26,26,26,1.69,1.75,1.63,1.62,1.42,1.81,97,6,6,2,2,4,12,9,8,15,4,3,7,9,7,4,5,9,8,29,42,16,26,21,32,21
80,Schalke 04,Germany,34,17,17,0,3,3,0,7,3,4,24,11,13,0.47,0.71,0.24,18,18,18,18,25,86,-61,111,48,63,14,11,34,52,-20,-41,122,110,138,36,45,29,4,3,1,14,6,8,18,9,9,7,5,2,124,55,69,74,37,37,45,45,45,329,183,146,114,67,47,215,116,99,397,192,205,12,5,7,33,13,20,-21,-8,-13,5,3,2,11,6,5,18,8,10,0.76,0.88,0.65,3.26,2.82,3.71,0.74,0.82,0.65,2.53,2.0,3.06,1.32,1.06,1.59,0.35,0.29,0.41,0.97,0.76,1.18,32,28,23,15,6,4,16,14,10,5,1,1,16,14,13,10,5,3,2,6,11,19,28,30,1,3,7,12,16,16,1,3,4,7,12,14,94,82,68,44,18,12,94,82,59,29,6,6,94,82,76,59,29,18,6,18,32,56,82,88,6,18,41,71,94,94,6,18,24,41,71,82,26,13,5,13,5,0,13,8,5,76,38,15,76,29,0,76,47,29,9,18,0,16,12,18,6,41,35,47,53,53,53,21,29,12,13,7,6,38,41,35,23,12,11,68,71,65,6,2,4,18,12,24,15,18,12,32,35,29,53,47,59,3.65,3.24,4.06,2.18,2.18,2.18,88,74,65,47,32,24,15,9,0.82,0.9,0.75,2.0,2.03,1.96,79,2,3,2,3,2,5,4,1,3,6,4,7,11,10,15,7,16,10,21,18,24,71,65,76,3
81,Sevilla FC,Spain,38,19,19,0,24,14,10,5,1,4,9,4,5,2.03,2.26,1.79,4,2,4,4,53,33,20,86,38,48,27,26,11,22,16,4,65,63,66,103,155,78,17,11,6,14,4,10,7,4,3,27,15,12,167,87,80,79,38,41,61,63,60,485,261,224,179,99,80,306,162,144,468,224,244,22,11,11,15,6,9,7,5,2,12,6,6,20,11,9,6,2,4,1.47,1.53,1.42,2.26,2.0,2.53,1.39,1.42,1.37,0.87,0.58,1.16,0.97,0.89,1.05,0.58,0.58,0.58,0.39,0.32,0.47,38,23,13,6,3,2,19,9,5,2,2,1,19,14,8,4,1,1,0,15,25,32,35,36,0,10,14,17,17,18,0,5,11,15,18,18,100,61,34,16,8,5,100,47,26,11,11,5,100,74,42,21,5,5,0,39,66,84,92,95,0,53,74,89,89,95,0,26,58,79,95,95,21,7,5,10,3,2,11,4,3,55,18,13,53,16,11,58,21,16,63,74,53,18,45,58,32,37,21,53,18,21,16,71,79,63,27,15,12,71,79,63,22,11,11,58,58,58,6,2,4,16,11,21,32,32,32,53,58,47,16,11,21,4.39,4.58,4.21,2.08,2.0,2.16,71,63,47,39,26,13,11,8,1.51,1.67,1.36,1.12,1.02,1.23,45,8,2,6,4,5,7,5,2,14,4,4,2,2,5,2,3,4,7,13,5,21,24,21,26,5
82,Sheffield United,England,38,19,19,0,7,5,2,2,1,1,29,13,16,0.61,0.84,0.37,20,18,20,20,20,63,-43,83,39,44,12,8,27,36,-15,-28,170,143,214,54,63,48,5,4,1,12,6,6,21,9,12,10,5,5,170,90,80,79,34,45,41,43,40,360,194,166,134,73,61,226,121,105,451,223,228,10,5,5,27,13,14,-17,-8,-9,5,3,2,14,7,7,19,9,10,0.76,0.84,0.68,2.18,2.05,2.32,0.53,0.63,0.42,1.66,1.42,1.89,0.97,0.95,1.0,0.26,0.26,0.26,0.71,0.68,0.74,38,22,15,5,3,0,19,11,6,2,1,0,19,11,9,3,2,0,0,16,23,33,35,38,0,8,13,17,18,19,0,8,10,16,17,19,100,58,39,13,8,0,100,58,32,11,5,0,100,58,47,16,11,0,0,42,61,87,92,100,0,42,68,89,95,100,0,42,53,84,89,100,27,8,2,13,4,1,14,4,1,71,21,5,68,21,5,74,21,5,18,26,11,17,13,21,5,32,32,32,55,47,63,26,26,26,16,9,7,42,47,37,28,14,14,74,74,74,5,2,3,13,11,16,13,16,11,37,37,37,50,47,53,4.47,4.74,4.21,2.08,1.79,2.37,92,79,71,57,45,39,26,24,0.91,0.99,0.83,1.7,1.62,1.79,53,3,2,4,0,1,3,1,3,3,6,2,4,9,9,5,13,8,7,5,5,5,76,68,84,16
83,Southampton,England,38,19,19,0,12,8,4,7,3,4,19,8,11,1.13,1.42,0.84,15,10,18,15,47,68,-21,115,53,62,28,19,25,43,3,-24,73,61,90,50,68,40,9,6,3,18,10,8,13,4,9,18,12,6,177,93,84,58,25,33,52,52,53,466,250,216,205,112,93,261,138,123,420,223,197,28,17,11,30,9,21,-2,8,-10,14,9,5,11,7,4,13,3,10,1.39,1.79,1.0,3.03,2.79,3.26,1.24,1.47,1.0,1.79,1.32,2.26,1.53,1.37,1.68,0.74,0.89,0.58,0.79,0.47,1.11,36,30,19,11,8,5,18,15,9,6,3,1,18,15,10,5,5,4,2,8,19,27,30,33,1,4,10,13,16,18,1,4,9,14,14,15,95,79,50,29,21,13,95,79,47,32,16,5,95,79,53,26,26,21,5,21,50,71,79,87,5,21,53,68,84,95,5,21,47,74,74,79,32,15,7,16,7,2,16,8,5,84,39,18,84,37,11,84,42,26,32,42,21,23,24,32,16,47,53,42,34,21,47,47,63,32,20,12,8,53,63,42,15,5,10,39,26,53,9,5,4,24,26,21,37,47,26,29,37,21,34,16,53,4.66,4.89,4.42,1.53,1.32,1.74,89,79,68,53,32,24,13,11,1.27,1.33,1.2,1.49,1.34,1.64,74,4,3,8,8,8,5,4,1,6,3,8,6,9,6,9,6,8,13,18,16,21,50,42,58,5
84,Spezia,Italy,38,19,19,0,9,5,4,12,7,5,17,7,10,1.03,1.16,0.89,15,14,16,15,52,72,-20,124,61,63,28,24,33,39,-5,-15,66,61,71,48,52,44,5,2,3,27,15,12,8,3,5,13,8,5,149,68,81,102,56,46,52,52,52,413,219,194,168,90,78,245,129,116,579,301,278,21,11,10,23,16,7,-2,-5,3,7,3,4,24,10,14,7,6,1,1.18,1.0,1.37,3.26,3.21,3.32,1.37,1.47,1.26,1.89,1.74,2.05,1.16,1.42,0.89,0.55,0.58,0.53,0.61,0.84,0.37,36,34,28,16,8,1,18,16,13,9,5,0,18,18,15,7,3,1,2,4,10,22,30,37,1,3,6,10,14,19,1,1,4,12,16,18,95,89,74,42,21,3,95,84,68,47,26,0,95,95,79,37,16,5,5,11,26,58,79,97,5,16,32,53,74,100,5,5,21,63,84,95,23,17,4,14,11,2,9,6,2,61,45,11,74,58,11,47,32,11,24,26,21,8,13,11,16,71,79,63,21,16,26,34,42,26,21,8,13,55,42,68,20,10,10,53,53,53,12,6,6,32,32,32,18,16,21,63,53,74,18,32,5,3.92,3.58,4.26,2.68,2.95,2.42,66,47,32,24,11,11,5,5,1.14,1.22,1.08,1.38,1.2,1.56,97,2,6,5,7,2,3,9,8,10,3,9,5,5,4,17,6,13,10,32,37,26,45,37,53,5
85,Strasbourg,France,38,19,19,0,11,4,7,9,5,4,18,10,8,1.11,0.89,1.32,15,18,10,15,49,58,-9,107,50,57,21,28,29,29,-8,-1,70,81,61,59,59,59,10,5,5,19,9,10,10,6,4,18,8,10,165,103,62,62,30,32,46,49,42,449,258,191,156,77,79,293,181,112,482,251,231,26,10,16,27,13,14,-1,-3,2,13,6,7,12,5,7,13,8,5,1.34,1.21,1.47,2.82,2.63,3.0,1.29,1.11,1.47,1.53,1.53,1.53,1.39,1.21,1.58,0.68,0.53,0.84,0.71,0.68,0.74,37,30,19,12,7,1,18,13,9,6,4,0,19,17,10,6,3,1,1,8,19,26,31,37,1,6,10,13,15,19,0,2,9,13,16,18,97,79,50,32,18,3,95,68,47,32,21,0,100,89,53,32,16,5,3,21,50,68,82,97,5,32,53,68,79,100,0,11,47,68,84,95,28,12,7,14,4,4,14,8,3,74,32,18,74,21,21,74,42,16,29,21,37,0,26,26,26,50,47,53,26,32,21,47,42,53,22,11,11,58,58,58,20,11,9,53,58,47,6,2,4,16,11,21,34,32,37,32,26,37,34,42,26,4.34,5.42,3.26,1.63,1.58,1.68,84,76,57,42,26,18,13,13,1.31,1.47,1.14,1.25,1.07,1.43,71,3,3,10,6,5,3,7,5,7,3,6,7,7,6,10,6,5,8,24,26,21,47,53,42,5
86,Stuttgart,Germany,34,17,17,0,12,5,7,9,6,3,13,6,7,1.32,1.24,1.41,9,12,5,9,56,55,1,111,53,58,27,29,26,29,1,0,55,57,53,56,59,53,5,3,2,23,12,11,6,2,4,17,10,7,155,77,78,67,30,37,52,54,50,482,242,240,189,86,103,293,156,137,410,204,206,20,11,9,27,11,16,-7,0,-7,10,6,4,11,5,6,13,6,7,1.21,1.35,1.06,3.26,3.12,3.41,1.65,1.59,1.71,1.62,1.53,1.71,1.38,1.29,1.47,0.59,0.65,0.53,0.79,0.65,0.94,34,30,20,14,8,4,17,15,9,8,3,1,17,15,11,6,5,3,0,4,14,20,26,30,0,2,8,9,14,16,0,2,6,11,12,14,100,88,59,41,24,12,100,88,53,47,18,6,100,88,65,35,29,18,0,12,41,59,76,88,0,12,47,53,82,94,0,12,35,65,71,82,26,14,5,13,6,2,13,8,3,76,41,15,76,35,12,76,47,18,35,29,41,1,15,18,12,68,71,65,18,12,24,50,59,41,16,9,7,47,53,41,19,9,10,56,53,59,7,3,4,21,18,24,29,35,24,32,29,35,38,35,41,4.56,4.53,4.59,1.97,1.76,2.18,74,62,44,35,26,21,18,18,1.54,1.51,1.57,1.56,1.59,1.54,76,5,6,5,2,5,5,6,9,13,3,7,7,7,10,3,8,5,5,26,35,18,38,35,41,15
87,Torino,Italy,38,19,19,0,7,3,4,16,9,7,15,7,8,0.97,0.95,1.0,17,17,13,17,50,69,-19,119,61,58,25,25,36,33,-11,-8,68,68,68,49,48,52,8,4,4,25,13,12,9,5,4,15,6,9,169,98,71,80,34,46,47,48,46,485,265,220,187,103,84,298,162,136,559,254,305,17,8,9,28,15,13,-11,-7,-4,8,3,5,16,9,7,14,7,7,1.05,0.95,1.16,3.13,3.21,3.05,1.32,1.32,1.32,1.82,1.89,1.74,1.18,1.21,1.16,0.45,0.42,0.47,0.74,0.79,0.68,34,29,20,16,11,7,16,15,10,9,6,3,18,14,10,7,5,4,4,9,18,22,27,31,3,4,9,10,13,16,1,5,9,12,14,15,89,76,53,42,29,18,84,79,53,47,32,16,95,74,53,37,26,21,11,24,47,58,71,82,16,21,47,53,68,84,5,26,47,63,74,79,24,13,4,11,7,3,13,6,1,63,34,11,58,37,16,68,32,5,18,16,21,-2,21,21,21,66,68,63,24,26,21,39,32,47,21,10,11,55,53,58,25,13,12,66,68,63,6,4,2,16,21,11,21,16,26,42,47,37,37,37,37,4.45,5.16,3.74,2.11,1.79,2.42,82,71,53,39,28,26,13,13,1.39,1.54,1.24,1.52,1.45,1.6,103,4,2,5,1,7,5,7,7,12,2,11,9,3,6,4,10,11,13,42,47,37,39,37,42,5
88,Tottenham Hotspur,England,38,19,19,0,18,10,8,8,3,5,12,6,6,1.63,1.74,1.53,7,3,11,7,68,45,23,113,55,58,35,33,20,25,15,8,50,49,52,76,86,68,12,7,5,21,9,12,6,3,3,23,14,9,168,86,82,57,26,31,52,52,51,477,252,225,216,122,94,261,130,131,421,226,195,37,19,18,19,7,12,18,12,6,18,11,7,11,3,8,9,5,4,1.71,1.89,1.53,2.97,2.89,3.05,1.79,1.84,1.74,1.18,1.05,1.32,1.47,1.37,1.58,0.97,1.0,0.95,0.5,0.37,0.63,37,31,21,13,5,4,19,17,10,6,2,1,18,14,11,7,3,3,1,7,17,25,33,34,0,2,9,13,17,18,1,5,8,12,16,16,97,82,55,34,13,11,100,89,53,32,11,5,95,74,58,37,16,16,3,18,45,66,87,89,0,11,47,68,89,95,5,26,42,63,84,84,33,15,6,17,6,3,16,9,3,87,39,16,89,32,16,84,47,16,47,53,42,7,32,37,26,55,47,63,16,16,16,61,74,47,21,13,8,55,68,42,12,6,6,32,32,32,10,2,8,26,11,42,47,58,37,29,16,42,24,26,21,4.42,4.53,4.32,1.5,1.37,1.63,82,79,68,53,42,28,16,11,1.44,1.55,1.34,1.55,1.45,1.65,79,9,5,10,8,9,6,9,7,5,2,4,5,3,8,6,4,2,11,21,16,26,32,32,32,5
89,Udinese,Italy,38,19,19,0,10,5,5,10,4,6,18,10,8,1.05,1.0,1.11,14,15,10,14,42,58,-16,100,33,67,14,28,19,39,-5,-11,81,122,61,59,90,44,8,6,2,21,6,15,12,9,3,14,7,7,163,90,73,67,31,36,46,46,46,467,245,222,172,91,81,295,154,141,483,241,242,18,7,11,25,7,18,-7,0,-7,8,4,4,17,11,6,13,4,9,1.08,1.21,0.95,2.63,1.74,3.53,1.11,0.74,1.47,1.53,1.0,2.05,1.13,0.74,1.53,0.47,0.37,0.58,0.66,0.37,0.95,35,26,17,11,8,3,17,10,4,1,1,0,18,16,13,10,7,3,3,12,21,27,30,35,2,9,15,18,18,19,1,3,6,9,12,16,92,68,45,29,21,8,89,53,21,5,5,0,95,84,68,53,37,16,8,32,55,71,79,92,11,47,79,95,95,100,5,16,32,47,63,84,25,13,5,11,3,0,14,10,5,66,34,13,58,16,0,74,53,26,26,26,26,1,21,32,11,55,32,79,32,47,16,37,37,37,20,12,8,53,63,42,22,12,10,58,63,53,9,3,6,24,16,32,21,21,21,45,58,32,34,21,47,4.29,4.74,3.84,1.76,1.63,1.89,79,74,63,39,32,26,16,11,1.38,1.44,1.32,1.53,1.42,1.64,53,3,1,5,4,7,5,3,6,8,5,5,6,6,4,6,10,3,13,26,21,32,47,53,42,11
90,Union Berlin,Germany,34,17,17,0,12,8,4,14,8,6,8,1,7,1.47,1.88,1.06,7,6,11,7,50,43,7,93,50,43,32,18,18,25,14,-7,61,48,85,71,85,61,7,4,3,23,13,10,6,1,5,18,11,7,140,80,60,59,26,33,45,44,45,410,218,192,165,95,70,245,123,122,429,217,212,22,14,8,18,8,10,4,6,-2,8,5,3,19,10,9,7,2,5,1.26,1.47,1.06,2.74,2.94,2.53,1.47,1.88,1.06,1.26,1.06,1.47,1.18,1.29,1.06,0.65,0.82,0.47,0.53,0.47,0.59,32,28,17,10,3,2,16,15,10,6,2,1,16,13,7,4,1,1,2,6,17,24,31,32,1,2,7,11,15,16,1,4,10,13,16,16,94,82,50,29,9,6,94,88,59,35,12,6,94,76,41,24,6,6,6,18,50,71,91,94,6,12,41,65,88,94,6,24,59,76,94,94,22,11,3,12,7,2,10,4,1,65,32,9,71,41,12,59,24,6,35,47,24,22,21,24,18,68,76,59,18,6,29,53,65,41,20,10,10,59,59,59,18,7,11,53,41,65,8,5,3,24,29,18,24,29,18,56,59,53,21,12,29,4.12,4.71,3.53,1.74,1.53,1.94,65,53,47,28,26,15,6,3,1.19,1.28,1.11,1.26,1.2,1.32,71,8,5,4,2,6,6,6,6,7,2,2,5,7,4,5,6,4,8,41,47,35,24,6,41,0
91,Valencia CF,Spain,38,19,19,0,10,8,2,13,7,6,15,4,11,1.13,1.63,0.63,13,7,19,13,50,53,-3,103,57,46,34,16,23,30,11,-14,68,50,107,65,74,57,7,3,4,24,13,11,9,3,6,14,9,5,163,69,94,87,44,43,47,45,48,421,205,216,167,88,79,254,117,137,453,231,222,20,13,7,28,9,19,-8,4,-12,8,8,0,17,7,10,13,4,9,1.08,1.63,0.53,2.71,3.0,2.42,1.32,1.79,0.84,1.39,1.21,1.58,1.26,1.16,1.37,0.53,0.68,0.37,0.74,0.47,1.0,36,29,21,12,4,1,19,16,10,7,4,1,17,13,11,5,0,0,2,9,17,26,34,37,0,3,9,12,15,18,2,6,8,14,19,19,95,76,55,32,11,3,100,84,53,37,21,5,89,68,58,26,0,0,5,24,45,68,89,97,0,16,47,63,79,95,11,32,42,74,100,100,27,14,5,13,4,3,14,10,2,71,37,13,68,21,16,74,53,11,26,42,11,25,18,16,21,63,68,58,24,16,32,37,47,26,17,12,5,45,63,26,22,10,12,58,53,63,10,3,7,26,16,37,21,42,0,45,37,53,34,21,47,4.29,3.63,4.95,2.29,2.32,2.26,89,76,63,45,37,28,13,11,1.25,1.25,1.25,1.65,1.55,1.75,61,2,4,7,5,6,1,7,8,10,3,9,2,7,7,7,6,4,8,34,37,32,39,21,58,5
92,Villarreal,Spain,38,19,19,0,15,8,7,13,6,7,10,5,5,1.53,1.58,1.47,7,10,6,7,60,44,16,104,52,52,29,31,23,21,6,10,57,59,55,78,74,81,10,4,6,25,14,11,7,2,5,22,9,13,161,88,73,75,37,38,56,57,54,449,253,196,198,110,88,251,143,108,436,230,206,33,12,21,23,13,10,10,-1,11,16,6,10,12,6,6,10,7,3,1.58,1.26,1.89,2.74,2.74,2.74,1.58,1.53,1.63,1.16,1.21,1.11,1.47,1.32,1.63,0.87,0.63,1.11,0.61,0.68,0.53,34,33,22,11,2,2,18,17,11,4,1,1,16,16,11,7,1,1,4,5,16,27,36,36,1,2,8,15,18,18,3,3,8,12,18,18,89,87,58,29,5,5,95,89,58,21,5,5,84,84,58,37,5,5,11,13,42,71,95,95,5,11,42,79,95,95,16,16,42,63,95,95,30,16,7,15,6,3,15,10,4,79,42,18,79,32,16,79,53,21,39,42,37,-4,26,21,32,66,74,58,18,11,26,58,47,68,21,9,12,55,47,63,16,9,7,42,47,37,9,5,4,24,26,21,42,32,53,32,32,32,26,37,16,4.24,4.63,3.84,1.97,1.95,2.0,74,63,47,34,21,11,0,0,1.47,1.64,1.3,1.31,1.23,1.39,95,10,11,5,6,3,2,12,7,4,2,6,4,6,7,5,5,4,5,34,32,37,26,26,26,0
93,Werder Bremen,Germany,34,17,17,0,7,3,4,10,5,5,17,9,8,0.91,0.82,1.0,17,17,13,17,36,57,-21,93,44,49,16,20,28,29,-12,-9,85,96,76,54,55,53,6,4,2,21,11,10,9,4,5,13,3,10,116,63,53,69,32,37,44,47,40,372,195,177,146,71,75,226,124,102,385,194,191,13,4,9,30,18,12,-17,-14,-3,4,1,3,16,6,10,14,10,4,0.82,0.53,1.12,2.74,2.59,2.88,1.06,0.94,1.18,1.68,1.65,1.71,1.26,1.29,1.24,0.38,0.24,0.53,0.88,1.06,0.71,32,27,14,10,6,2,15,13,8,4,3,1,17,14,6,6,3,1,2,7,20,24,28,32,2,4,9,13,14,16,0,3,11,11,14,16,94,79,41,29,18,6,88,76,47,24,18,6,100,82,35,35,18,6,6,21,59,71,82,94,12,24,53,76,82,94,0,18,65,65,82,94,21,14,5,13,7,2,8,7,3,62,41,15,76,41,12,47,41,18,21,18,24,-5,18,24,12,62,65,59,26,24,29,38,18,59,16,5,11,47,29,65,24,13,11,71,76,65,7,3,4,21,18,24,12,6,18,47,35,59,41,59,24,3.41,3.71,3.12,2.03,1.88,2.18,74,62,47,41,28,15,6,3,1.07,1.13,1.02,1.61,1.43,1.79,79,2,2,5,2,5,4,4,4,8,3,4,10,6,9,4,10,2,9,29,29,29,50,53,47,0
94,West Bromwich Albion,England,38,19,19,0,5,3,2,11,6,5,22,10,12,0.68,0.79,0.58,19,19,19,19,35,76,-41,111,54,57,15,20,39,37,-24,-17,98,114,86,45,44,46,6,5,1,19,7,12,16,9,7,10,7,3,145,100,45,59,30,29,38,38,37,380,191,189,140,72,68,240,119,121,407,200,207,18,11,7,39,17,22,-21,-6,-15,6,4,2,14,9,5,18,6,12,0.84,1.11,0.58,2.92,2.84,3.0,0.92,0.79,1.05,2.0,2.05,1.95,1.5,1.47,1.53,0.47,0.58,0.37,1.03,0.89,1.16,35,29,21,13,7,4,17,13,11,7,4,2,18,16,10,6,3,2,3,9,17,25,31,34,2,6,8,12,15,17,1,3,9,13,16,17,92,76,55,34,18,11,89,68,58,37,21,11,95,84,53,32,16,11,8,24,45,66,82,89,11,32,42,63,79,89,5,16,47,68,84,89,30,18,7,14,9,3,16,9,4,79,47,18,74,47,16,84,47,21,13,16,11,-8,16,26,5,50,37,63,42,47,37,26,37,16,13,9,4,34,47,21,24,11,13,63,58,68,9,4,5,24,21,26,16,21,11,37,47,26,47,32,63,3.82,5.26,2.37,1.55,1.58,1.53,87,79,68,66,50,34,26,21,0.9,0.94,0.86,1.96,2.02,1.9,87,4,3,5,2,8,3,6,0,4,7,3,10,10,9,11,8,6,12,29,32,26,58,53,63,18
95,West Ham United,England,38,19,19,0,19,10,9,8,4,4,11,5,6,1.71,1.79,1.63,6,2,8,6,62,47,15,109,54,55,32,30,22,25,10,5,55,54,57,73,78,68,11,6,5,22,10,12,7,3,4,19,13,6,167,87,80,54,26,28,43,43,43,484,218,266,187,91,96,297,127,170,378,200,178,31,17,14,20,6,14,11,11,0,15,11,4,16,4,12,7,4,3,1.61,1.95,1.26,2.87,2.84,2.89,1.63,1.68,1.58,1.24,1.16,1.32,1.34,1.21,1.47,0.82,0.89,0.74,0.53,0.32,0.74,36,29,24,12,6,2,19,15,11,6,2,1,17,14,13,6,4,1,2,9,14,26,32,36,0,4,8,13,17,18,2,5,6,13,15,18,95,76,63,32,16,5,100,79,58,32,11,5,89,74,68,32,21,5,5,24,37,68,84,95,0,21,42,68,89,95,11,26,32,68,79,95,28,16,5,16,5,1,12,11,4,74,42,13,84,26,5,63,58,21,50,53,47,5,29,32,26,58,53,63,18,16,21,50,68,32,21,13,8,55,68,42,17,7,10,45,37,53,10,2,8,26,11,42,39,58,21,42,21,63,18,21,16,4.39,4.58,4.21,1.42,1.37,1.47,79,74,63,50,32,21,11,11,1.43,1.33,1.52,1.48,1.56,1.4,84,6,6,8,5,9,7,3,3,15,5,2,5,3,5,5,9,3,10,21,21,21,29,26,32,3
96,Wolfsburg,Germany,34,17,17,0,17,10,7,10,4,6,7,3,4,1.79,2.0,1.59,4,5,4,4,61,37,24,98,48,50,32,29,16,21,16,8,50,48,53,83,96,73,14,9,5,18,7,11,5,4,1,19,8,11,176,93,83,62,32,30,51,52,50,478,242,236,190,92,98,288,150,138,425,211,214,33,15,18,19,8,11,14,7,7,15,8,7,13,6,7,6,3,3,1.71,1.76,1.65,2.88,2.82,2.94,1.79,1.88,1.71,1.09,0.94,1.24,1.53,1.35,1.71,0.97,0.88,1.06,0.56,0.47,0.65,31,28,19,10,5,2,14,12,10,5,4,1,17,16,9,5,1,1,3,6,15,24,29,32,3,5,7,12,13,16,0,1,8,12,16,16,91,82,56,29,15,6,82,71,59,29,24,6,100,94,53,29,6,6,9,18,44,71,85,94,18,29,41,71,76,94,0,6,47,71,94,94,25,17,7,11,6,3,14,11,4,74,50,21,65,35,18,82,65,24,50,59,41,10,41,53,29,53,41,65,15,24,6,56,47,65,21,12,9,62,71,53,11,8,3,32,47,18,11,3,8,32,18,47,44,47,41,38,35,41,18,18,18,5.18,5.47,4.88,1.82,1.88,1.76,94,85,71,62,47,32,24,24,1.57,1.63,1.52,1.29,1.22,1.36,59,6,6,10,8,8,5,7,4,7,4,5,3,2,7,5,4,4,3,29,24,35,21,18,24,9
97,Wolverhampton Wanderers,England,38,19,19,0,12,7,5,9,4,5,17,8,9,1.18,1.32,1.05,12,12,16,12,36,52,-16,88,46,42,21,15,25,27,-4,-12,95,81,114,66,68,63,10,5,5,18,11,7,13,4,9,10,5,5,208,120,88,55,33,22,49,52,47,501,295,206,194,111,83,307,184,123,427,234,193,16,8,8,25,16,9,-9,-8,-1,6,2,4,18,10,8,14,7,7,0.95,0.84,1.05,2.32,2.42,2.21,0.95,1.11,0.79,1.37,1.32,1.42,1.08,1.26,0.89,0.42,0.42,0.42,0.66,0.84,0.47,35,24,16,8,4,1,18,13,9,4,2,0,17,11,7,4,2,1,3,14,22,30,34,37,1,6,10,15,17,19,2,8,12,15,17,18,92,63,42,21,11,3,95,68,47,21,11,0,89,58,37,21,11,5,8,37,58,79,89,97,5,32,53,79,89,100,11,42,63,79,89,95,22,11,6,11,8,4,11,3,2,58,29,16,58,42,21,58,16,11,32,37,26,11,26,26,26,47,58,37,34,21,47,26,26,26,19,9,10,50,47,53,28,13,15,74,68,79,7,5,2,18,26,11,16,11,21,47,53,42,37,37,37,5.47,6.32,4.63,1.45,1.74,1.16,84,79,66,63,53,34,26,13,1.49,1.75,1.23,1.5,1.34,1.65,63,2,3,2,3,7,3,6,5,5,4,9,4,4,7,8,5,3,8,24,21,26,45,42,47,13
