상가업소번호|상호명|대분류|중분류|소분류|주소|위도|경도
199001|와라와라호프|001|101|101|서울시 강남구 남부순환로 2933|127.0610|37.4939
199001|와라와라호프|001|101|101|서울시 강남구 남부순환로 2933|127.0610|37.4939
199001|와라와라호프|001|101|101|서울시 강남구 남부순환로 2933|127.0610|37.4939
199001|와라와라호프|001|101|101|서울시 강남구 남부순환로 2933|127.0610|37.4939
199001|와라와라호프|001|101|101|서울시 강남구 남부순환로 2933|127.0610|37.4939
199001|와라와라호프|001|101|101|서울시 강남구 남부순환로 2933|127.0610|37.4939
199001|와라와라호프|001|101|101|서울시 강남구 남부순환로 2933|127.0610|37.4939
199001|와라와라호프|001|101|101|서울시 강남구 남부순환로 2933|127.0610|37.4939
199001|와라와라호프|001|101|101|서울시 강남구 남부순환로 2933|127.0610|37.4939
199001|와라와라호프|001|101|101|서울시 강남구 남부순환로 2933|127.0610|37.4939
199001|와라와라호프|001|101|101|서울시 강남구 남부순환로 2933|127.0610|37.4939
199001|와라와라호프|001|101|101|서울시 강남구 남부순환로 2933|127.0610|37.4939
199001|와라와라호프|001|101|101|서울시 강남구 남부순환로 2933|127.0610|37.4939
199001|와라와라호프|001|101|101|서울시 강남구 남부순환로 2933|127.0610|37.4939
199001|와라와라호프|001|101|101|서울시 강남구 남부순환로 2933|127.0610|37.4939
199001|와라와라호프|001|101|101|서울시 강남구 남부순환로 2933|127.0610|37.4939
199001|와라와라호프|001|101|101|서울시 강남구 남부순환로 2933|127.0610|37.4939
199001|와라와라호프|001|101|101|서울시 강남구 남부순환로 2933|127.0610|37.4939
199001|와라와라호프|001|101|101|서울시 강남구 남부순환로 2933|127.0610|37.4939
199001|와라와라호프|001|101|101|서울시 강남구 남부순환로 2933|127.0610|37.4939
199001|와라와라호프|001|101|101|서울시 강남구 남부순환로 2933|127.0610|37.4939
199001|와라와라호프|001|101|101|서울시 강남구 남부순환로 2933|127.0610|37.4939
199001|와라와라호프|001|101|101|서울시 강남구 남부순환로 2933|127.0610|37.4939
199001|와라와라호프|001|101|101|서울시 강남구 남부순환로 2933|127.0610|37.4939